"LOCATION","INDICATOR","SUBJECT","MEASURE","FREQUENCY","TIME","Value","Flag Codes"
"HUN","GGEXPDEST","SOCIETY","PC_GDP","A","1991",10.4237855906546,"E"
"HUN","GGEXPDEST","SOCIETY","PC_GDP","A","1992",11.2526745897172,"E"
"HUN","GGEXPDEST","SOCIETY","PC_GDP","A","1993",13.6305370117287,"E"
"HUN","GGEXPDEST","SOCIETY","PC_GDP","A","1994",11.8851696494817,"E"
"HUN","GGEXPDEST","SOCIETY","PC_GDP","A","1995",10.8285596438296,
"HUN","GGEXPDEST","SOCIETY","PC_GDP","A","1996",10.1760149296648,
"HUN","GGEXPDEST","SOCIETY","PC_GDP","A","1997",10.1194288201628,
"HUN","GGEXPDEST","SOCIETY","PC_GDP","A","1998",9.86288777542634,
"HUN","GGEXPDEST","SOCIETY","PC_GDP","A","1999",10.1274878517862,
"HUN","GGEXPDEST","SOCIETY","PC_GDP","A","2000",10.2657783020529,
"HUN","GGEXPDEST","SOCIETY","PC_GDP","A","2001",10.2623791971715,
"HUN","GGEXPDEST","SOCIETY","PC_GDP","A","2002",10.4117124907655,
"HUN","GGEXPDEST","SOCIETY","PC_GDP","A","2003",10.7327070422685,
"HUN","GGEXPDEST","SOCIETY","PC_GDP","A","2004",10.1368363759006,
"HUN","GGEXPDEST","SOCIETY","PC_GDP","A","2005",10.0970794170891,
"HUN","GGEXPDEST","SOCIETY","PC_GDP","A","2006",10.0942504865717,
"HUN","GGEXPDEST","SOCIETY","PC_GDP","A","2007",9.78221988337013,
"HUN","GGEXPDEST","SOCIETY","PC_GDP","A","2008",10.1808254359569,
"HUN","GGEXPDEST","SOCIETY","PC_GDP","A","2009",10.6108080181637,
"HUN","GGEXPDEST","SOCIETY","PC_GDP","A","2010",10.5005146264964,
"HUN","GGEXPDEST","SOCIETY","PC_GDP","A","2011",10.0899708736334,
"HUN","GGEXPDEST","SOCIETY","PC_GDP","A","2012",9.77907557552424,
"HUN","GGEXPDEST","SOCIETY","PC_GDP","A","2013",9.8886117161007,
"HUN","GGEXPDEST","SOCIETY","PC_GDP","A","2014",10.1476378366488,
"HUN","GGEXPDEST","SOCIETY","PC_GDP","A","2015",9.81245835653131,
"HUN","GGEXPDEST","SOCIETY","PC_GDP","A","2016",9.99309153615778,
"HUN","GGEXPDEST","SOCIETY","PC_GDP","A","2017",9.85943065670873,
"NZL","GGEXPDEST","SOCIETY","PC_GDP","A","1986",9.59915793832934,
"NZL","GGEXPDEST","SOCIETY","PC_GDP","A","1987",9.40660150075959,
"NZL","GGEXPDEST","SOCIETY","PC_GDP","A","1988",9.50048139548055,
"NZL","GGEXPDEST","SOCIETY","PC_GDP","A","1989",9.50224425537616,
"NZL","GGEXPDEST","SOCIETY","PC_GDP","A","1990",9.57895151443539,
"NZL","GGEXPDEST","SOCIETY","PC_GDP","A","1991",10.2400442186719,
"NZL","GGEXPDEST","SOCIETY","PC_GDP","A","1992",10.2619111468669,
"NZL","GGEXPDEST","SOCIETY","PC_GDP","A","1993",9.85910490172863,
"NZL","GGEXPDEST","SOCIETY","PC_GDP","A","1994",9.51880181985233,
"NZL","GGEXPDEST","SOCIETY","PC_GDP","A","1995",9.69397828232971,
"NZL","GGEXPDEST","SOCIETY","PC_GDP","A","1996",9.73086319620973,
"NZL","GGEXPDEST","SOCIETY","PC_GDP","A","1997",9.9490526074761,
"NZL","GGEXPDEST","SOCIETY","PC_GDP","A","1998",10.5834667265766,
"NZL","GGEXPDEST","SOCIETY","PC_GDP","A","1999",10.2297114696765,
"NZL","GGEXPDEST","SOCIETY","PC_GDP","A","2000",10.3447988117292,
"NZL","GGEXPDEST","SOCIETY","PC_GDP","A","2001",10.2678848902977,
"NZL","GGEXPDEST","SOCIETY","PC_GDP","A","2002",10.3172783157396,
"NZL","GGEXPDEST","SOCIETY","PC_GDP","A","2003",10.4026241851324,
"NZL","GGEXPDEST","SOCIETY","PC_GDP","A","2004",10.6024922682747,
"NZL","GGEXPDEST","SOCIETY","PC_GDP","A","2005",10.9970233528708,
"NZL","GGEXPDEST","SOCIETY","PC_GDP","A","2006",11.0933578135168,
"NZL","GGEXPDEST","SOCIETY","PC_GDP","A","2007",11.1830063260653,
"NZL","GGEXPDEST","SOCIETY","PC_GDP","A","2008",12.1239129402954,
"NZL","GGEXPDEST","SOCIETY","PC_GDP","A","2009",12.3474267828737,
"NZL","GGEXPDEST","SOCIETY","PC_GDP","A","2010",12.1680741665602,
"NZL","GGEXPDEST","SOCIETY","PC_GDP","A","2011",12.103207169353,
"NZL","GGEXPDEST","SOCIETY","PC_GDP","A","2012",12.1059262801648,
"NZL","GGEXPDEST","SOCIETY","PC_GDP","A","2013",11.705388037568,
"NZL","GGEXPDEST","SOCIETY","PC_GDP","A","2014",11.7549682543614,
"NZL","GGEXPDEST","SOCIETY","PC_GDP","A","2015",11.5424178654438,
"EST","GGEXPDEST","SOCIETY","PC_GDP","A","1993",6.85137053752354,"E"
"EST","GGEXPDEST","SOCIETY","PC_GDP","A","1994",9.21540418847347,"E"
"EST","GGEXPDEST","SOCIETY","PC_GDP","A","1995",9.76930733628445,
"EST","GGEXPDEST","SOCIETY","PC_GDP","A","1996",8.75143500760341,
"EST","GGEXPDEST","SOCIETY","PC_GDP","A","1997",8.76207306338469,
"EST","GGEXPDEST","SOCIETY","PC_GDP","A","1998",8.88511580849278,
"EST","GGEXPDEST","SOCIETY","PC_GDP","A","1999",9.55767660401971,
"EST","GGEXPDEST","SOCIETY","PC_GDP","A","2000",8.54021427531735,
"EST","GGEXPDEST","SOCIETY","PC_GDP","A","2001",8.21772230631088,
"EST","GGEXPDEST","SOCIETY","PC_GDP","A","2002",8.05819522014419,
"EST","GGEXPDEST","SOCIETY","PC_GDP","A","2003",8.04692601027878,
"EST","GGEXPDEST","SOCIETY","PC_GDP","A","2004",7.57337944676043,
"EST","GGEXPDEST","SOCIETY","PC_GDP","A","2005",7.37121213547263,
"EST","GGEXPDEST","SOCIETY","PC_GDP","A","2006",6.86012648330493,
"EST","GGEXPDEST","SOCIETY","PC_GDP","A","2007",7.1143668264225,
"EST","GGEXPDEST","SOCIETY","PC_GDP","A","2008",8.21719297860265,
"EST","GGEXPDEST","SOCIETY","PC_GDP","A","2009",9.0094509743703,
"EST","GGEXPDEST","SOCIETY","PC_GDP","A","2010",8.71628182591455,
"EST","GGEXPDEST","SOCIETY","PC_GDP","A","2011",8.08210281173804,
"EST","GGEXPDEST","SOCIETY","PC_GDP","A","2012",8.11507019755006,
"EST","GGEXPDEST","SOCIETY","PC_GDP","A","2013",8.43065966648059,
"EST","GGEXPDEST","SOCIETY","PC_GDP","A","2014",8.65035224210579,
"EST","GGEXPDEST","SOCIETY","PC_GDP","A","2015",9.01195287114152,
"EST","GGEXPDEST","SOCIETY","PC_GDP","A","2016",9.06325744327487,
"EST","GGEXPDEST","SOCIETY","PC_GDP","A","2017",8.80159530056835,
"USA","GGEXPDEST","SOCIETY","PC_GDP","A","1970",12.2733305821074,
"USA","GGEXPDEST","SOCIETY","PC_GDP","A","1971",11.980304340752,
"USA","GGEXPDEST","SOCIETY","PC_GDP","A","1972",11.5560852712272,
"USA","GGEXPDEST","SOCIETY","PC_GDP","A","1973",10.7818492750336,
"USA","GGEXPDEST","SOCIETY","PC_GDP","A","1974",10.9230997691799,
"USA","GGEXPDEST","SOCIETY","PC_GDP","A","1975",11.0667152972634,
"USA","GGEXPDEST","SOCIETY","PC_GDP","A","1976",10.4412471965347,
"USA","GGEXPDEST","SOCIETY","PC_GDP","A","1977",10.150574006772,
"USA","GGEXPDEST","SOCIETY","PC_GDP","A","1978",9.77142636483263,
"USA","GGEXPDEST","SOCIETY","PC_GDP","A","1979",9.52760165386151,
"USA","GGEXPDEST","SOCIETY","PC_GDP","A","1980",9.963193077392,
"USA","GGEXPDEST","SOCIETY","PC_GDP","A","1981",10.0874319050152,
"USA","GGEXPDEST","SOCIETY","PC_GDP","A","1982",10.702746285416,
"USA","GGEXPDEST","SOCIETY","PC_GDP","A","1983",10.6481449159281,
"USA","GGEXPDEST","SOCIETY","PC_GDP","A","1984",10.0929964241282,
"USA","GGEXPDEST","SOCIETY","PC_GDP","A","1985",10.264025818005,
"USA","GGEXPDEST","SOCIETY","PC_GDP","A","1986",10.3999821356795,
"USA","GGEXPDEST","SOCIETY","PC_GDP","A","1987",10.2486501114837,
"USA","GGEXPDEST","SOCIETY","PC_GDP","A","1988",9.9267033708263,
"USA","GGEXPDEST","SOCIETY","PC_GDP","A","1989",9.82135121152738,
"USA","GGEXPDEST","SOCIETY","PC_GDP","A","1990",9.90495500610493,
"USA","GGEXPDEST","SOCIETY","PC_GDP","A","1991",10.1477654107689,
"USA","GGEXPDEST","SOCIETY","PC_GDP","A","1992",9.9197100484318,
"USA","GGEXPDEST","SOCIETY","PC_GDP","A","1993",9.5361810151252,
"USA","GGEXPDEST","SOCIETY","PC_GDP","A","1994",9.14135033942169,
"USA","GGEXPDEST","SOCIETY","PC_GDP","A","1995",8.89063368501812,
"USA","GGEXPDEST","SOCIETY","PC_GDP","A","1996",8.58108335830185,
"USA","GGEXPDEST","SOCIETY","PC_GDP","A","1997",8.35755063445902,
"USA","GGEXPDEST","SOCIETY","PC_GDP","A","1998",8.10138837790214,
"USA","GGEXPDEST","SOCIETY","PC_GDP","A","1999",8.11346347813558,
"USA","GGEXPDEST","SOCIETY","PC_GDP","A","2000",8.00389488194156,
"USA","GGEXPDEST","SOCIETY","PC_GDP","A","2001",8.28077550522396,
"USA","GGEXPDEST","SOCIETY","PC_GDP","A","2002",8.67896957362113,
"USA","GGEXPDEST","SOCIETY","PC_GDP","A","2003",8.90429401590003,
"USA","GGEXPDEST","SOCIETY","PC_GDP","A","2004",8.95573073829842,
"USA","GGEXPDEST","SOCIETY","PC_GDP","A","2005",8.90316324016556,
"USA","GGEXPDEST","SOCIETY","PC_GDP","A","2006",8.89032373818264,
"USA","GGEXPDEST","SOCIETY","PC_GDP","A","2007",8.98454340090768,
"USA","GGEXPDEST","SOCIETY","PC_GDP","A","2008",9.55908931988149,
"USA","GGEXPDEST","SOCIETY","PC_GDP","A","2009",10.1462971207122,
"USA","GGEXPDEST","SOCIETY","PC_GDP","A","2010",10.1847568344331,
"USA","GGEXPDEST","SOCIETY","PC_GDP","A","2011",9.8425827008068,
"USA","GGEXPDEST","SOCIETY","PC_GDP","A","2012",9.48057656137989,
"USA","GGEXPDEST","SOCIETY","PC_GDP","A","2013",8.91534484253289,
"USA","GGEXPDEST","SOCIETY","PC_GDP","A","2014",8.53686928597032,
"USA","GGEXPDEST","SOCIETY","PC_GDP","A","2015",8.28530211337147,
"AUS","GGEXPDEST","SOCIETY","PC_GDP","A","1970",7.6344779674474,
"AUS","GGEXPDEST","SOCIETY","PC_GDP","A","1971",7.66982213927552,
"AUS","GGEXPDEST","SOCIETY","PC_GDP","A","1972",7.57414295767568,
"AUS","GGEXPDEST","SOCIETY","PC_GDP","A","1973",7.31035398376952,
"AUS","GGEXPDEST","SOCIETY","PC_GDP","A","1974",8.50986069917488,
"AUS","GGEXPDEST","SOCIETY","PC_GDP","A","1975",8.43137490536335,
"AUS","GGEXPDEST","SOCIETY","PC_GDP","A","1976",8.27589796980739,
"AUS","GGEXPDEST","SOCIETY","PC_GDP","A","1977",8.5658718884959,
"AUS","GGEXPDEST","SOCIETY","PC_GDP","A","1978",8.31660453111557,
"AUS","GGEXPDEST","SOCIETY","PC_GDP","A","1979",8.38306421608751,
"AUS","GGEXPDEST","SOCIETY","PC_GDP","A","1980",8.63022254363762,
"AUS","GGEXPDEST","SOCIETY","PC_GDP","A","1981",8.6216323973344,
"AUS","GGEXPDEST","SOCIETY","PC_GDP","A","1982",9.19623499550526,
"AUS","GGEXPDEST","SOCIETY","PC_GDP","A","1983",8.78190554318528,
"AUS","GGEXPDEST","SOCIETY","PC_GDP","A","1984",8.83042802715876,
"AUS","GGEXPDEST","SOCIETY","PC_GDP","A","1985",8.55874382579616,
"AUS","GGEXPDEST","SOCIETY","PC_GDP","A","1986",8.60581281788301,
"AUS","GGEXPDEST","SOCIETY","PC_GDP","A","1987",8.28471411901984,
"AUS","GGEXPDEST","SOCIETY","PC_GDP","A","1988",8.05784674312825,
"AUS","GGEXPDEST","SOCIETY","PC_GDP","A","1989",7.97085662509222,
"AUS","GGEXPDEST","SOCIETY","PC_GDP","A","1990",8.27352794308859,
"AUS","GGEXPDEST","SOCIETY","PC_GDP","A","1991",8.63461943617895,
"AUS","GGEXPDEST","SOCIETY","PC_GDP","A","1992",8.6307536854261,
"AUS","GGEXPDEST","SOCIETY","PC_GDP","A","1993",8.34109871989213,
"AUS","GGEXPDEST","SOCIETY","PC_GDP","A","1994",8.00093819442058,
"AUS","GGEXPDEST","SOCIETY","PC_GDP","A","1995",7.99679301894052,
"AUS","GGEXPDEST","SOCIETY","PC_GDP","A","1996",7.74080617189906,
"AUS","GGEXPDEST","SOCIETY","PC_GDP","A","1997",7.58531330715851,
"AUS","GGEXPDEST","SOCIETY","PC_GDP","A","1998",7.21279894675872,
"AUS","GGEXPDEST","SOCIETY","PC_GDP","A","1999",6.89965635634833,
"AUS","GGEXPDEST","SOCIETY","PC_GDP","A","2000",7.06021573117886,
"AUS","GGEXPDEST","SOCIETY","PC_GDP","A","2001",6.87160700477357,
"AUS","GGEXPDEST","SOCIETY","PC_GDP","A","2002",6.95566480312954,
"AUS","GGEXPDEST","SOCIETY","PC_GDP","A","2003",6.72680667042542,
"AUS","GGEXPDEST","SOCIETY","PC_GDP","A","2004",6.61603816999366,
"AUS","GGEXPDEST","SOCIETY","PC_GDP","A","2005",6.69144608067135,
"AUS","GGEXPDEST","SOCIETY","PC_GDP","A","2006",6.82867266586493,
"AUS","GGEXPDEST","SOCIETY","PC_GDP","A","2007",6.67207036947889,
"AUS","GGEXPDEST","SOCIETY","PC_GDP","A","2008",6.6654904784384,
"AUS","GGEXPDEST","SOCIETY","PC_GDP","A","2009",6.84138531990741,
"AUS","GGEXPDEST","SOCIETY","PC_GDP","A","2010",6.78834041969455,
"AUS","GGEXPDEST","SOCIETY","PC_GDP","A","2011",6.98329770176376,
"AUS","GGEXPDEST","SOCIETY","PC_GDP","A","2012",6.93241070695138,
"AUS","GGEXPDEST","SOCIETY","PC_GDP","A","2013",6.9030365164033,
"AUS","GGEXPDEST","SOCIETY","PC_GDP","A","2014",6.79145974723141,
"AUS","GGEXPDEST","SOCIETY","PC_GDP","A","2015",7.01082908934903,
"AUS","GGEXPDEST","SOCIETY","PC_GDP","A","2016",6.95134961395638,
"AUT","GGEXPDEST","SOCIETY","PC_GDP","A","1976",7.88009291873408,"E"
"AUT","GGEXPDEST","SOCIETY","PC_GDP","A","1977",7.71577699091924,"E"
"AUT","GGEXPDEST","SOCIETY","PC_GDP","A","1978",7.89842521016174,"E"
"AUT","GGEXPDEST","SOCIETY","PC_GDP","A","1979",7.89039752027184,"E"
"AUT","GGEXPDEST","SOCIETY","PC_GDP","A","1980",7.74602148487555,"E"
"AUT","GGEXPDEST","SOCIETY","PC_GDP","A","1981",7.72723660069241,"E"
"AUT","GGEXPDEST","SOCIETY","PC_GDP","A","1982",8.02052957245772,"E"
"AUT","GGEXPDEST","SOCIETY","PC_GDP","A","1983",8.18798795560266,"E"
"AUT","GGEXPDEST","SOCIETY","PC_GDP","A","1984",8.25858493573912,"E"
"AUT","GGEXPDEST","SOCIETY","PC_GDP","A","1985",8.26719593009698,"E"
"AUT","GGEXPDEST","SOCIETY","PC_GDP","A","1986",8.38200209656802,"E"
"AUT","GGEXPDEST","SOCIETY","PC_GDP","A","1987",8.22777946241026,"E"
"AUT","GGEXPDEST","SOCIETY","PC_GDP","A","1988",8.06950632370787,"E"
"AUT","GGEXPDEST","SOCIETY","PC_GDP","A","1989",7.87112336100987,"E"
"AUT","GGEXPDEST","SOCIETY","PC_GDP","A","1990",7.68907501756383,"E"
"AUT","GGEXPDEST","SOCIETY","PC_GDP","A","1991",7.72512607284628,"E"
"AUT","GGEXPDEST","SOCIETY","PC_GDP","A","1992",7.70455963786137,"E"
"AUT","GGEXPDEST","SOCIETY","PC_GDP","A","1993",7.96054950690241,"E"
"AUT","GGEXPDEST","SOCIETY","PC_GDP","A","1994",8.04782707900004,"E"
"AUT","GGEXPDEST","SOCIETY","PC_GDP","A","1995",8.20005237566089,
"AUT","GGEXPDEST","SOCIETY","PC_GDP","A","1996",8.18281910331538,
"AUT","GGEXPDEST","SOCIETY","PC_GDP","A","1997",7.88582211376035,
"AUT","GGEXPDEST","SOCIETY","PC_GDP","A","1998",7.70624967754727,
"AUT","GGEXPDEST","SOCIETY","PC_GDP","A","1999",7.91146142434326,
"AUT","GGEXPDEST","SOCIETY","PC_GDP","A","2000",7.56238293894455,
"AUT","GGEXPDEST","SOCIETY","PC_GDP","A","2001",7.37050407146434,
"AUT","GGEXPDEST","SOCIETY","PC_GDP","A","2002",7.07369591720245,
"AUT","GGEXPDEST","SOCIETY","PC_GDP","A","2003",7.06985943304492,
"AUT","GGEXPDEST","SOCIETY","PC_GDP","A","2004",7.20265125897747,
"AUT","GGEXPDEST","SOCIETY","PC_GDP","A","2005",7.81155078482132,
"AUT","GGEXPDEST","SOCIETY","PC_GDP","A","2006",7.66616714792096,
"AUT","GGEXPDEST","SOCIETY","PC_GDP","A","2007",7.23069469085929,
"AUT","GGEXPDEST","SOCIETY","PC_GDP","A","2008",7.48280810129537,
"AUT","GGEXPDEST","SOCIETY","PC_GDP","A","2009",8.19867393879588,
"AUT","GGEXPDEST","SOCIETY","PC_GDP","A","2010",8.06333927955383,
"AUT","GGEXPDEST","SOCIETY","PC_GDP","A","2011",7.74798111209715,
"AUT","GGEXPDEST","SOCIETY","PC_GDP","A","2012",7.66660817044143,
"AUT","GGEXPDEST","SOCIETY","PC_GDP","A","2013",7.59331753059953,
"AUT","GGEXPDEST","SOCIETY","PC_GDP","A","2014",7.4745193561499,
"AUT","GGEXPDEST","SOCIETY","PC_GDP","A","2015",7.43200511058028,
"AUT","GGEXPDEST","SOCIETY","PC_GDP","A","2016",7.39209954052246,
"AUT","GGEXPDEST","SOCIETY","PC_GDP","A","2017",7.18300550910892,
"IND","GGEXPDEST","SOCIETY","PC_GDP","A","2004",8.13488669464098,
"IND","GGEXPDEST","SOCIETY","PC_GDP","A","2005",7.91994970906275,
"IND","GGEXPDEST","SOCIETY","PC_GDP","A","2006",7.38982937867622,
"IND","GGEXPDEST","SOCIETY","PC_GDP","A","2007",7.36527575883411,
"IND","GGEXPDEST","SOCIETY","PC_GDP","A","2008",7.88376790278004,
"IND","GGEXPDEST","SOCIETY","PC_GDP","A","2009",8.19706601504558,
"ISL","GGEXPDEST","SOCIETY","PC_GDP","A","1990",8.77762759460617,"E"
"ISL","GGEXPDEST","SOCIETY","PC_GDP","A","1991",8.94383191512968,"E"
"ISL","GGEXPDEST","SOCIETY","PC_GDP","A","1992",9.28172433016016,"E"
"ISL","GGEXPDEST","SOCIETY","PC_GDP","A","1993",9.61407316771534,"E"
"ISL","GGEXPDEST","SOCIETY","PC_GDP","A","1994",9.6700197855548,"E"
"ISL","GGEXPDEST","SOCIETY","PC_GDP","A","1995",9.85184269926958,
"ISL","GGEXPDEST","SOCIETY","PC_GDP","A","1996",9.47204002154932,"B"
"ISL","GGEXPDEST","SOCIETY","PC_GDP","A","1997",8.75125115825395,
"ISL","GGEXPDEST","SOCIETY","PC_GDP","A","1998",8.0359116339897,
"ISL","GGEXPDEST","SOCIETY","PC_GDP","A","1999",8.26419209292673,
"ISL","GGEXPDEST","SOCIETY","PC_GDP","A","2000",8.47635893098644,
"ISL","GGEXPDEST","SOCIETY","PC_GDP","A","2001",8.07895175311038,
"ISL","GGEXPDEST","SOCIETY","PC_GDP","A","2002",8.23677983208768,
"ISL","GGEXPDEST","SOCIETY","PC_GDP","A","2003",8.16173850959074,
"ISL","GGEXPDEST","SOCIETY","PC_GDP","A","2004",7.89714603541908,
"ISL","GGEXPDEST","SOCIETY","PC_GDP","A","2005",7.93273983204691,
"ISL","GGEXPDEST","SOCIETY","PC_GDP","A","2006",7.8767471175058,
"ISL","GGEXPDEST","SOCIETY","PC_GDP","A","2007",7.63096684241587,
"ISL","GGEXPDEST","SOCIETY","PC_GDP","A","2008",7.857671740535,
"ISL","GGEXPDEST","SOCIETY","PC_GDP","A","2009",8.64083325991586,
"ISL","GGEXPDEST","SOCIETY","PC_GDP","A","2010",8.86488962025186,
"ISL","GGEXPDEST","SOCIETY","PC_GDP","A","2011",9.13857694937018,
"ISL","GGEXPDEST","SOCIETY","PC_GDP","A","2012",9.19128105559461,
"ISL","GGEXPDEST","SOCIETY","PC_GDP","A","2013",8.89514476405776,
"ISL","GGEXPDEST","SOCIETY","PC_GDP","A","2014",8.51863371579094,
"ISL","GGEXPDEST","SOCIETY","PC_GDP","A","2015",8.09832129645524,
"ISL","GGEXPDEST","SOCIETY","PC_GDP","A","2016",7.63415586611501,
"ISL","GGEXPDEST","SOCIETY","PC_GDP","A","2017",7.93488954735057,
"SVK","GGEXPDEST","SOCIETY","PC_GDP","A","1993",7.86508659652994,"E"
"SVK","GGEXPDEST","SOCIETY","PC_GDP","A","1994",17.0697252233068,"E"
"SVK","GGEXPDEST","SOCIETY","PC_GDP","A","1995",16.0621896680944,
"SVK","GGEXPDEST","SOCIETY","PC_GDP","A","1996",12.5718163095079,
"SVK","GGEXPDEST","SOCIETY","PC_GDP","A","1997",9.06145141383706,
"SVK","GGEXPDEST","SOCIETY","PC_GDP","A","1998",9.44962493136359,
"SVK","GGEXPDEST","SOCIETY","PC_GDP","A","1999",10.0199179553006,
"SVK","GGEXPDEST","SOCIETY","PC_GDP","A","2000",10.6339564788598,
"SVK","GGEXPDEST","SOCIETY","PC_GDP","A","2001",11.1870720385075,
"SVK","GGEXPDEST","SOCIETY","PC_GDP","A","2002",10.9514412641556,
"SVK","GGEXPDEST","SOCIETY","PC_GDP","A","2003",11.8081203359667,
"SVK","GGEXPDEST","SOCIETY","PC_GDP","A","2004",11.1618819046927,
"SVK","GGEXPDEST","SOCIETY","PC_GDP","A","2005",11.076512564928,
"SVK","GGEXPDEST","SOCIETY","PC_GDP","A","2006",11.3580338925908,
"SVK","GGEXPDEST","SOCIETY","PC_GDP","A","2007",9.41217544702482,
"SVK","GGEXPDEST","SOCIETY","PC_GDP","A","2008",9.42511757970752,
"SVK","GGEXPDEST","SOCIETY","PC_GDP","A","2009",10.9280904266667,
"SVK","GGEXPDEST","SOCIETY","PC_GDP","A","2010",10.4904905328548,
"SVK","GGEXPDEST","SOCIETY","PC_GDP","A","2011",10.2655400280954,
"SVK","GGEXPDEST","SOCIETY","PC_GDP","A","2012",9.55837581053339,
"SVK","GGEXPDEST","SOCIETY","PC_GDP","A","2013",9.47241071856763,
"SVK","GGEXPDEST","SOCIETY","PC_GDP","A","2014",8.46415973527631,
"SVK","GGEXPDEST","SOCIETY","PC_GDP","A","2015",8.74004547961687,
"SVK","GGEXPDEST","SOCIETY","PC_GDP","A","2016",8.7842201082323,
"SVK","GGEXPDEST","SOCIETY","PC_GDP","A","2017",8.93887490423037,
"SVN","GGEXPDEST","SOCIETY","PC_GDP","A","1990",6.57551345730113,"E"
"SVN","GGEXPDEST","SOCIETY","PC_GDP","A","1991",7.76445581008289,"E"
"SVN","GGEXPDEST","SOCIETY","PC_GDP","A","1992",8.24694486188277,"E"
"SVN","GGEXPDEST","SOCIETY","PC_GDP","A","1993",8.44946753028037,"E"
"SVN","GGEXPDEST","SOCIETY","PC_GDP","A","1994",7.93127573991711,"E"
"SVN","GGEXPDEST","SOCIETY","PC_GDP","A","1995",7.11028113837031,
"SVN","GGEXPDEST","SOCIETY","PC_GDP","A","1996",7.12116077716913,
"SVN","GGEXPDEST","SOCIETY","PC_GDP","A","1997",7.01623298920787,
"SVN","GGEXPDEST","SOCIETY","PC_GDP","A","1998",6.93612808092047,
"SVN","GGEXPDEST","SOCIETY","PC_GDP","A","1999",7.18766477270783,
"SVN","GGEXPDEST","SOCIETY","PC_GDP","A","2000",7.47682395653813,
"SVN","GGEXPDEST","SOCIETY","PC_GDP","A","2001",7.6056051300227,
"SVN","GGEXPDEST","SOCIETY","PC_GDP","A","2002",7.38428554444935,
"SVN","GGEXPDEST","SOCIETY","PC_GDP","A","2003",7.52342871595675,
"SVN","GGEXPDEST","SOCIETY","PC_GDP","A","2004",7.50856085085225,
"SVN","GGEXPDEST","SOCIETY","PC_GDP","A","2005",7.56501788622877,
"SVN","GGEXPDEST","SOCIETY","PC_GDP","A","2006",7.55389675534743,
"SVN","GGEXPDEST","SOCIETY","PC_GDP","A","2007",7.01235708700898,
"SVN","GGEXPDEST","SOCIETY","PC_GDP","A","2008",7.43123975893706,
"SVN","GGEXPDEST","SOCIETY","PC_GDP","A","2009",8.23074588977636,
"SVN","GGEXPDEST","SOCIETY","PC_GDP","A","2010",8.12478173339834,
"SVN","GGEXPDEST","SOCIETY","PC_GDP","A","2011",8.24583389137471,
"SVN","GGEXPDEST","SOCIETY","PC_GDP","A","2012",8.11652748305535,
"SVN","GGEXPDEST","SOCIETY","PC_GDP","A","2013",7.96320873910458,
"SVN","GGEXPDEST","SOCIETY","PC_GDP","A","2014",7.61820108598788,
"SVN","GGEXPDEST","SOCIETY","PC_GDP","A","2015",7.49448266706111,
"SVN","GGEXPDEST","SOCIETY","PC_GDP","A","2016",7.55750088197296,
"SVN","GGEXPDEST","SOCIETY","PC_GDP","A","2017",7.34169848868959,
"DNK","GGEXPDEST","SOCIETY","PC_GDP","A","1970",7.43757125232302,
"DNK","GGEXPDEST","SOCIETY","PC_GDP","A","1971",7.92953095896597,
"DNK","GGEXPDEST","SOCIETY","PC_GDP","A","1972",7.79503124825796,
"DNK","GGEXPDEST","SOCIETY","PC_GDP","A","1973",7.62970334310535,
"DNK","GGEXPDEST","SOCIETY","PC_GDP","A","1974",7.76546079806344,
"DNK","GGEXPDEST","SOCIETY","PC_GDP","A","1975",8.354330234678,
"DNK","GGEXPDEST","SOCIETY","PC_GDP","A","1976",8.59642026118808,
"DNK","GGEXPDEST","SOCIETY","PC_GDP","A","1977",8.15518712462148,
"DNK","GGEXPDEST","SOCIETY","PC_GDP","A","1978",8.41331783211216,
"DNK","GGEXPDEST","SOCIETY","PC_GDP","A","1979",8.53599569958698,
"DNK","GGEXPDEST","SOCIETY","PC_GDP","A","1980",9.11272538591257,
"DNK","GGEXPDEST","SOCIETY","PC_GDP","A","1981",9.63088161894823,
"DNK","GGEXPDEST","SOCIETY","PC_GDP","A","1982",10.0140250782703,
"DNK","GGEXPDEST","SOCIETY","PC_GDP","A","1983",9.86572231728625,
"DNK","GGEXPDEST","SOCIETY","PC_GDP","A","1984",9.06148867313916,
"DNK","GGEXPDEST","SOCIETY","PC_GDP","A","1985",8.70555986474987,
"DNK","GGEXPDEST","SOCIETY","PC_GDP","A","1986",8.14276392874433,
"DNK","GGEXPDEST","SOCIETY","PC_GDP","A","1987",8.37409660528014,
"DNK","GGEXPDEST","SOCIETY","PC_GDP","A","1988",8.17001866698207,
"DNK","GGEXPDEST","SOCIETY","PC_GDP","A","1989",8.43460292503413,
"DNK","GGEXPDEST","SOCIETY","PC_GDP","A","1990",7.56735086031673,
"DNK","GGEXPDEST","SOCIETY","PC_GDP","A","1991",7.86816251960865,
"DNK","GGEXPDEST","SOCIETY","PC_GDP","A","1992",7.58590877278134,
"DNK","GGEXPDEST","SOCIETY","PC_GDP","A","1993",8.02592663597805,
"DNK","GGEXPDEST","SOCIETY","PC_GDP","A","1994",7.73946275292313,
"DNK","GGEXPDEST","SOCIETY","PC_GDP","A","1995",7.64228646297141,
"DNK","GGEXPDEST","SOCIETY","PC_GDP","A","1996",7.72648397461821,
"DNK","GGEXPDEST","SOCIETY","PC_GDP","A","1997",7.73743618737507,
"DNK","GGEXPDEST","SOCIETY","PC_GDP","A","1998",7.80151232558845,
"DNK","GGEXPDEST","SOCIETY","PC_GDP","A","1999",7.92100979363217,
"DNK","GGEXPDEST","SOCIETY","PC_GDP","A","2000",7.7290732166112,
"DNK","GGEXPDEST","SOCIETY","PC_GDP","A","2001",7.77542678738865,
"DNK","GGEXPDEST","SOCIETY","PC_GDP","A","2002",7.76276332704849,
"DNK","GGEXPDEST","SOCIETY","PC_GDP","A","2003",7.70467534040345,
"DNK","GGEXPDEST","SOCIETY","PC_GDP","A","2004",7.66705998203188,
"DNK","GGEXPDEST","SOCIETY","PC_GDP","A","2005",7.61161524958638,
"DNK","GGEXPDEST","SOCIETY","PC_GDP","A","2006",7.50139693031993,
"DNK","GGEXPDEST","SOCIETY","PC_GDP","A","2007",7.50756967987371,
"DNK","GGEXPDEST","SOCIETY","PC_GDP","A","2008",7.76937723081706,
"DNK","GGEXPDEST","SOCIETY","PC_GDP","A","2009",8.5458640774895,
"DNK","GGEXPDEST","SOCIETY","PC_GDP","A","2010",8.23385384052137,
"DNK","GGEXPDEST","SOCIETY","PC_GDP","A","2011",7.92558588821856,
"DNK","GGEXPDEST","SOCIETY","PC_GDP","A","2012",7.98458260202364,
"DNK","GGEXPDEST","SOCIETY","PC_GDP","A","2013",7.69916416063414,
"DNK","GGEXPDEST","SOCIETY","PC_GDP","A","2014",7.45162568488743,
"DNK","GGEXPDEST","SOCIETY","PC_GDP","A","2015",7.34060543394826,
"DNK","GGEXPDEST","SOCIETY","PC_GDP","A","2016",7.2144114944999,
"DNK","GGEXPDEST","SOCIETY","PC_GDP","A","2017",7.16333591209208,
"KOR","GGEXPDEST","SOCIETY","PC_GDP","A","1970",7.32431658794905,
"KOR","GGEXPDEST","SOCIETY","PC_GDP","A","1971",7.47094631986718,
"KOR","GGEXPDEST","SOCIETY","PC_GDP","A","1972",7.34776280576553,
"KOR","GGEXPDEST","SOCIETY","PC_GDP","A","1973",6.47138841026571,
"KOR","GGEXPDEST","SOCIETY","PC_GDP","A","1974",6.85160979200244,
"KOR","GGEXPDEST","SOCIETY","PC_GDP","A","1975",8.38925855060875,
"KOR","GGEXPDEST","SOCIETY","PC_GDP","A","1976",7.85529930896678,
"KOR","GGEXPDEST","SOCIETY","PC_GDP","A","1977",7.73853555287981,
"KOR","GGEXPDEST","SOCIETY","PC_GDP","A","1978",7.14499802182783,
"KOR","GGEXPDEST","SOCIETY","PC_GDP","A","1979",6.98223713410452,
"KOR","GGEXPDEST","SOCIETY","PC_GDP","A","1980",8.51200745858383,
"KOR","GGEXPDEST","SOCIETY","PC_GDP","A","1981",8.54654934717379,
"KOR","GGEXPDEST","SOCIETY","PC_GDP","A","1982",7.94092714206822,
"KOR","GGEXPDEST","SOCIETY","PC_GDP","A","1983",7.36255206697754,
"KOR","GGEXPDEST","SOCIETY","PC_GDP","A","1984",6.80798812159947,
"KOR","GGEXPDEST","SOCIETY","PC_GDP","A","1985",6.89365838449511,
"KOR","GGEXPDEST","SOCIETY","PC_GDP","A","1986",6.70717457349848,
"KOR","GGEXPDEST","SOCIETY","PC_GDP","A","1987",6.4870067692748,
"KOR","GGEXPDEST","SOCIETY","PC_GDP","A","1988",6.25229917528149,
"KOR","GGEXPDEST","SOCIETY","PC_GDP","A","1989",6.62581489499627,
"KOR","GGEXPDEST","SOCIETY","PC_GDP","A","1990",6.62477751763547,
"KOR","GGEXPDEST","SOCIETY","PC_GDP","A","1991",6.57681017694447,
"KOR","GGEXPDEST","SOCIETY","PC_GDP","A","1992",6.771243112058,
"KOR","GGEXPDEST","SOCIETY","PC_GDP","A","1993",6.61574973949742,
"KOR","GGEXPDEST","SOCIETY","PC_GDP","A","1994",6.17654434780423,
"KOR","GGEXPDEST","SOCIETY","PC_GDP","A","1995",5.89041820859535,
"KOR","GGEXPDEST","SOCIETY","PC_GDP","A","1996",6.14508268681434,
"KOR","GGEXPDEST","SOCIETY","PC_GDP","A","1997",5.94576646124774,
"KOR","GGEXPDEST","SOCIETY","PC_GDP","A","1998",6.63659479313479,
"KOR","GGEXPDEST","SOCIETY","PC_GDP","A","1999",6.42724011255168,
"KOR","GGEXPDEST","SOCIETY","PC_GDP","A","2000",6.32973469444946,
"KOR","GGEXPDEST","SOCIETY","PC_GDP","A","2001",6.46532538930713,
"KOR","GGEXPDEST","SOCIETY","PC_GDP","A","2002",6.46478346229599,
"KOR","GGEXPDEST","SOCIETY","PC_GDP","A","2003",6.52803073267948,
"KOR","GGEXPDEST","SOCIETY","PC_GDP","A","2004",6.67448524490684,
"KOR","GGEXPDEST","SOCIETY","PC_GDP","A","2005",6.91374066873212,
"KOR","GGEXPDEST","SOCIETY","PC_GDP","A","2006",7.01870266960066,
"KOR","GGEXPDEST","SOCIETY","PC_GDP","A","2007",7.15115669396385,
"KOR","GGEXPDEST","SOCIETY","PC_GDP","A","2008",7.49761745714456,
"KOR","GGEXPDEST","SOCIETY","PC_GDP","A","2009",7.66447878533079,
"KOR","GGEXPDEST","SOCIETY","PC_GDP","A","2010",7.39428660847794,
"KOR","GGEXPDEST","SOCIETY","PC_GDP","A","2011",7.21082539632515,
"KOR","GGEXPDEST","SOCIETY","PC_GDP","A","2012",7.32219023654246,
"KOR","GGEXPDEST","SOCIETY","PC_GDP","A","2013",7.35931571783015,
"KOR","GGEXPDEST","SOCIETY","PC_GDP","A","2014",7.26346164703324,
"KOR","GGEXPDEST","SOCIETY","PC_GDP","A","2015",7.16345425065111,
"KOR","GGEXPDEST","SOCIETY","PC_GDP","A","2016",7.14943969555106,
"GRC","GGEXPDEST","SOCIETY","PC_GDP","A","1995",9.84165654532935,
"GRC","GGEXPDEST","SOCIETY","PC_GDP","A","1996",9.49856253324841,
"GRC","GGEXPDEST","SOCIETY","PC_GDP","A","1997",9.47588960222253,
"GRC","GGEXPDEST","SOCIETY","PC_GDP","A","1998",9.11206071771266,
"GRC","GGEXPDEST","SOCIETY","PC_GDP","A","1999",9.47037292071408,
"GRC","GGEXPDEST","SOCIETY","PC_GDP","A","2000",9.42895861078156,
"GRC","GGEXPDEST","SOCIETY","PC_GDP","A","2001",9.47804473139899,
"GRC","GGEXPDEST","SOCIETY","PC_GDP","A","2002",9.86047023135507,
"GRC","GGEXPDEST","SOCIETY","PC_GDP","A","2003",9.32283765860997,
"GRC","GGEXPDEST","SOCIETY","PC_GDP","A","2004",9.89232559768459,
"GRC","GGEXPDEST","SOCIETY","PC_GDP","A","2005",9.77302452499649,
"GRC","GGEXPDEST","SOCIETY","PC_GDP","A","2006",10.1390071611615,
"GRC","GGEXPDEST","SOCIETY","PC_GDP","A","2007",10.362080065618,
"GRC","GGEXPDEST","SOCIETY","PC_GDP","A","2008",10.2351171918516,
"GRC","GGEXPDEST","SOCIETY","PC_GDP","A","2009",11.9245995782072,
"GRC","GGEXPDEST","SOCIETY","PC_GDP","A","2010",11.3072761848134,
"GRC","GGEXPDEST","SOCIETY","PC_GDP","A","2011",10.901860578058,"E"
"GRC","GGEXPDEST","SOCIETY","PC_GDP","A","2012",11.3151452988894,"E"
"GRC","GGEXPDEST","SOCIETY","PC_GDP","A","2013",11.1821322023319,"E"
"GRC","GGEXPDEST","SOCIETY","PC_GDP","A","2014",11.5909594018671,"E"
"GRC","GGEXPDEST","SOCIETY","PC_GDP","A","2015",11.7241039670744,"E"
"GRC","GGEXPDEST","SOCIETY","PC_GDP","A","2016",11.5884531033088,"E"
"GRC","GGEXPDEST","SOCIETY","PC_GDP","A","2017",11.3511427196031,"E"
"NLD","GGEXPDEST","SOCIETY","PC_GDP","A","1970",8.50229122244656,"E"
"NLD","GGEXPDEST","SOCIETY","PC_GDP","A","1971",8.69497687144469,"E"
"NLD","GGEXPDEST","SOCIETY","PC_GDP","A","1972",8.83548925145437,"E"
"NLD","GGEXPDEST","SOCIETY","PC_GDP","A","1973",8.69632572513964,"E"
"NLD","GGEXPDEST","SOCIETY","PC_GDP","A","1974",9.01950681704578,"E"
"NLD","GGEXPDEST","SOCIETY","PC_GDP","A","1975",9.4788936192502,"E"
"NLD","GGEXPDEST","SOCIETY","PC_GDP","A","1976",9.44036458398889,"E"
"NLD","GGEXPDEST","SOCIETY","PC_GDP","A","1977",9.7161752704054,"E"
"NLD","GGEXPDEST","SOCIETY","PC_GDP","A","1978",9.84860484599395,"E"
"NLD","GGEXPDEST","SOCIETY","PC_GDP","A","1979",10.1925251778322,"E"
"NLD","GGEXPDEST","SOCIETY","PC_GDP","A","1980",10.023606690635,"E"
"NLD","GGEXPDEST","SOCIETY","PC_GDP","A","1981",9.98984991398011,"E"
"NLD","GGEXPDEST","SOCIETY","PC_GDP","A","1982",10.1559795813579,"E"
"NLD","GGEXPDEST","SOCIETY","PC_GDP","A","1983",10.2088277370242,"E"
"NLD","GGEXPDEST","SOCIETY","PC_GDP","A","1984",9.52771767815355,"E"
"NLD","GGEXPDEST","SOCIETY","PC_GDP","A","1985",9.63088198386844,"E"
"NLD","GGEXPDEST","SOCIETY","PC_GDP","A","1986",9.49408724164583,"E"
"NLD","GGEXPDEST","SOCIETY","PC_GDP","A","1987",9.86703027551876,"E"
"NLD","GGEXPDEST","SOCIETY","PC_GDP","A","1988",9.6746688507513,"E"
"NLD","GGEXPDEST","SOCIETY","PC_GDP","A","1989",9.33006613820433,"E"
"NLD","GGEXPDEST","SOCIETY","PC_GDP","A","1990",9.28451536660716,"E"
"NLD","GGEXPDEST","SOCIETY","PC_GDP","A","1991",9.25730337898047,"E"
"NLD","GGEXPDEST","SOCIETY","PC_GDP","A","1992",9.1985012641718,"E"
"NLD","GGEXPDEST","SOCIETY","PC_GDP","A","1993",9.27824615287263,"E"
"NLD","GGEXPDEST","SOCIETY","PC_GDP","A","1994",9.23453160855976,"E"
"NLD","GGEXPDEST","SOCIETY","PC_GDP","A","1995",9.28092199291755,
"NLD","GGEXPDEST","SOCIETY","PC_GDP","A","1996",8.81799056945956,
"NLD","GGEXPDEST","SOCIETY","PC_GDP","A","1997",8.5834828178601,
"NLD","GGEXPDEST","SOCIETY","PC_GDP","A","1998",8.36987534713856,
"NLD","GGEXPDEST","SOCIETY","PC_GDP","A","1999",8.21772807354235,
"NLD","GGEXPDEST","SOCIETY","PC_GDP","A","2000",8.1005382660003,
"NLD","GGEXPDEST","SOCIETY","PC_GDP","A","2001",8.20244002149908,
"NLD","GGEXPDEST","SOCIETY","PC_GDP","A","2002",8.45018428094513,
"NLD","GGEXPDEST","SOCIETY","PC_GDP","A","2003",8.67884791638229,
"NLD","GGEXPDEST","SOCIETY","PC_GDP","A","2004",8.32668916238102,
"NLD","GGEXPDEST","SOCIETY","PC_GDP","A","2005",8.14546827547773,
"NLD","GGEXPDEST","SOCIETY","PC_GDP","A","2006",7.84677339336853,
"NLD","GGEXPDEST","SOCIETY","PC_GDP","A","2007",7.86633719333947,
"NLD","GGEXPDEST","SOCIETY","PC_GDP","A","2008",8.01192216292386,
"NLD","GGEXPDEST","SOCIETY","PC_GDP","A","2009",8.72204493295905,
"NLD","GGEXPDEST","SOCIETY","PC_GDP","A","2010",8.51065494135519,
"NLD","GGEXPDEST","SOCIETY","PC_GDP","A","2011",8.2191528063731,
"NLD","GGEXPDEST","SOCIETY","PC_GDP","A","2012",8.26551459034621,
"NLD","GGEXPDEST","SOCIETY","PC_GDP","A","2013",8.33899855101648,
"NLD","GGEXPDEST","SOCIETY","PC_GDP","A","2014",8.32941211507535,
"NLD","GGEXPDEST","SOCIETY","PC_GDP","A","2015",8.08961635227418,
"NLD","GGEXPDEST","SOCIETY","PC_GDP","A","2016",8.13511083001453,
"NLD","GGEXPDEST","SOCIETY","PC_GDP","A","2017",7.90694771575257,"E"
"JPN","GGEXPDEST","SOCIETY","PC_GDP","A","1980",6.7922113495032,"E"
"JPN","GGEXPDEST","SOCIETY","PC_GDP","A","1981",6.8419934865809,"E"
"JPN","GGEXPDEST","SOCIETY","PC_GDP","A","1982",6.86689792496576,"E"
"JPN","GGEXPDEST","SOCIETY","PC_GDP","A","1983",6.89508144143657,"E"
"JPN","GGEXPDEST","SOCIETY","PC_GDP","A","1984",6.81747277271134,"E"
"JPN","GGEXPDEST","SOCIETY","PC_GDP","A","1985",6.64842942199564,"E"
"JPN","GGEXPDEST","SOCIETY","PC_GDP","A","1986",6.50642219070788,"E"
"JPN","GGEXPDEST","SOCIETY","PC_GDP","A","1987",6.49721774425286,"E"
"JPN","GGEXPDEST","SOCIETY","PC_GDP","A","1988",6.28891486870485,"E"
"JPN","GGEXPDEST","SOCIETY","PC_GDP","A","1989",6.31496852479774,"E"
"JPN","GGEXPDEST","SOCIETY","PC_GDP","A","1990",6.3734751671538,"E"
"JPN","GGEXPDEST","SOCIETY","PC_GDP","A","1991",6.43920195061579,"E"
"JPN","GGEXPDEST","SOCIETY","PC_GDP","A","1992",6.56645119078737,"E"
"JPN","GGEXPDEST","SOCIETY","PC_GDP","A","1993",6.80026549831469,"E"
"JPN","GGEXPDEST","SOCIETY","PC_GDP","A","1994",6.95379430100668,
"JPN","GGEXPDEST","SOCIETY","PC_GDP","A","1995",7.10683638033744,
"JPN","GGEXPDEST","SOCIETY","PC_GDP","A","1996",7.04231914796097,
"JPN","GGEXPDEST","SOCIETY","PC_GDP","A","1997",7.15164960661247,
"JPN","GGEXPDEST","SOCIETY","PC_GDP","A","1998",7.37158606485717,
"JPN","GGEXPDEST","SOCIETY","PC_GDP","A","1999",7.5821348064223,
"JPN","GGEXPDEST","SOCIETY","PC_GDP","A","2000",7.5825413038773,
"JPN","GGEXPDEST","SOCIETY","PC_GDP","A","2001",7.91516333495856,
"JPN","GGEXPDEST","SOCIETY","PC_GDP","A","2002",8.27091887341173,
"JPN","GGEXPDEST","SOCIETY","PC_GDP","A","2003",8.32571628249632,
"JPN","GGEXPDEST","SOCIETY","PC_GDP","A","2004",8.19772291979467,
"JPN","GGEXPDEST","SOCIETY","PC_GDP","A","2005",8.0785632954091,
"JPN","GGEXPDEST","SOCIETY","PC_GDP","A","2006",7.97117444456486,
"JPN","GGEXPDEST","SOCIETY","PC_GDP","A","2007",7.8802764477376,
"JPN","GGEXPDEST","SOCIETY","PC_GDP","A","2008",7.930776813528,
"JPN","GGEXPDEST","SOCIETY","PC_GDP","A","2009",8.28899225946423,
"JPN","GGEXPDEST","SOCIETY","PC_GDP","A","2010",8.13582146556667,
"JPN","GGEXPDEST","SOCIETY","PC_GDP","A","2011",8.27808228795391,
"JPN","GGEXPDEST","SOCIETY","PC_GDP","A","2012",8.11928788994281,
"JPN","GGEXPDEST","SOCIETY","PC_GDP","A","2013",8.05360991272232,
"JPN","GGEXPDEST","SOCIETY","PC_GDP","A","2014",8.01747892487682,
"JPN","GGEXPDEST","SOCIETY","PC_GDP","A","2015",7.79509528261844,
"JPN","GGEXPDEST","SOCIETY","PC_GDP","A","2016",7.73693471097741,
"GBR","GGEXPDEST","SOCIETY","PC_GDP","A","1970",9.66574654896979,"E"
"GBR","GGEXPDEST","SOCIETY","PC_GDP","A","1971",9.84932232318727,"E"
"GBR","GGEXPDEST","SOCIETY","PC_GDP","A","1972",10.0248704006161,"E"
"GBR","GGEXPDEST","SOCIETY","PC_GDP","A","1973",9.88411931270348,"E"
"GBR","GGEXPDEST","SOCIETY","PC_GDP","A","1974",10.0032505714291,"E"
"GBR","GGEXPDEST","SOCIETY","PC_GDP","A","1975",11.0577036392945,"E"
"GBR","GGEXPDEST","SOCIETY","PC_GDP","A","1976",11.063204660165,"E"
"GBR","GGEXPDEST","SOCIETY","PC_GDP","A","1977",10.4751422158043,"E"
"GBR","GGEXPDEST","SOCIETY","PC_GDP","A","1978",10.5027354897707,"E"
"GBR","GGEXPDEST","SOCIETY","PC_GDP","A","1979",10.3743731816818,"E"
"GBR","GGEXPDEST","SOCIETY","PC_GDP","A","1980",11.1190126047702,"E"
"GBR","GGEXPDEST","SOCIETY","PC_GDP","A","1981",11.2255618603962,"E"
"GBR","GGEXPDEST","SOCIETY","PC_GDP","A","1982",11.1713364924006,"E"
"GBR","GGEXPDEST","SOCIETY","PC_GDP","A","1983",10.8422991337477,"E"
"GBR","GGEXPDEST","SOCIETY","PC_GDP","A","1984",10.7987493797012,"E"
"GBR","GGEXPDEST","SOCIETY","PC_GDP","A","1985",10.4758989880316,"E"
"GBR","GGEXPDEST","SOCIETY","PC_GDP","A","1986",10.3071182188881,"E"
"GBR","GGEXPDEST","SOCIETY","PC_GDP","A","1987",9.49374667427972,"E"
"GBR","GGEXPDEST","SOCIETY","PC_GDP","A","1988",8.90218554300256,"E"
"GBR","GGEXPDEST","SOCIETY","PC_GDP","A","1989",8.77105959777644,"E"
"GBR","GGEXPDEST","SOCIETY","PC_GDP","A","1990",8.15271875018159,"E"
"GBR","GGEXPDEST","SOCIETY","PC_GDP","A","1991",8.38010191930198,"E"
"GBR","GGEXPDEST","SOCIETY","PC_GDP","A","1992",8.35815781687927,"E"
"GBR","GGEXPDEST","SOCIETY","PC_GDP","A","1993",8.137749896545,"E"
"GBR","GGEXPDEST","SOCIETY","PC_GDP","A","1994",7.87836287552759,"E"
"GBR","GGEXPDEST","SOCIETY","PC_GDP","A","1995",7.10022964173999,
"GBR","GGEXPDEST","SOCIETY","PC_GDP","A","1996",6.70332686909474,
"GBR","GGEXPDEST","SOCIETY","PC_GDP","A","1997",6.88421871262328,
"GBR","GGEXPDEST","SOCIETY","PC_GDP","A","1998",6.74469703542439,
"GBR","GGEXPDEST","SOCIETY","PC_GDP","A","1999",6.88168059599014,
"GBR","GGEXPDEST","SOCIETY","PC_GDP","A","2000",6.98192760577266,
"GBR","GGEXPDEST","SOCIETY","PC_GDP","A","2001",7.27872057288416,
"GBR","GGEXPDEST","SOCIETY","PC_GDP","A","2002",7.4175201782653,
"GBR","GGEXPDEST","SOCIETY","PC_GDP","A","2003",7.63423964749686,
"GBR","GGEXPDEST","SOCIETY","PC_GDP","A","2004",7.87025823130371,
"GBR","GGEXPDEST","SOCIETY","PC_GDP","A","2005",7.83602267645866,
"GBR","GGEXPDEST","SOCIETY","PC_GDP","A","2006",7.68721237845368,
"GBR","GGEXPDEST","SOCIETY","PC_GDP","A","2007",7.47572727355295,
"GBR","GGEXPDEST","SOCIETY","PC_GDP","A","2008",7.74524052472598,
"GBR","GGEXPDEST","SOCIETY","PC_GDP","A","2009",8.09445405418768,
"GBR","GGEXPDEST","SOCIETY","PC_GDP","A","2010",7.89295644757116,
"GBR","GGEXPDEST","SOCIETY","PC_GDP","A","2011",7.58981506142121,
"GBR","GGEXPDEST","SOCIETY","PC_GDP","A","2012",7.49018689024012,
"GBR","GGEXPDEST","SOCIETY","PC_GDP","A","2013",7.06306026013046,
"GBR","GGEXPDEST","SOCIETY","PC_GDP","A","2014",6.83806007173473,
"GBR","GGEXPDEST","SOCIETY","PC_GDP","A","2015",6.69218219479608,
"GBR","GGEXPDEST","SOCIETY","PC_GDP","A","2016",6.46293216025801,
"GBR","GGEXPDEST","SOCIETY","PC_GDP","A","2017",6.3596371942091,
"PRT","GGEXPDEST","SOCIETY","PC_GDP","A","1988",6.2365243034127,"E"
"PRT","GGEXPDEST","SOCIETY","PC_GDP","A","1989",6.74428052055849,"E"
"PRT","GGEXPDEST","SOCIETY","PC_GDP","A","1990",7.12818017587877,"E"
"PRT","GGEXPDEST","SOCIETY","PC_GDP","A","1991",8.13157716669555,"E"
"PRT","GGEXPDEST","SOCIETY","PC_GDP","A","1992",7.94923390869593,"E"
"PRT","GGEXPDEST","SOCIETY","PC_GDP","A","1993",7.77731790820514,"E"
"PRT","GGEXPDEST","SOCIETY","PC_GDP","A","1994",8.15163890344611,"E"
"PRT","GGEXPDEST","SOCIETY","PC_GDP","A","1995",7.75017262424341,
"PRT","GGEXPDEST","SOCIETY","PC_GDP","A","1996",7.645856534284,
"PRT","GGEXPDEST","SOCIETY","PC_GDP","A","1997",7.3912319795614,
"PRT","GGEXPDEST","SOCIETY","PC_GDP","A","1998",7.53593529739573,
"PRT","GGEXPDEST","SOCIETY","PC_GDP","A","1999",7.48793532579186,
"PRT","GGEXPDEST","SOCIETY","PC_GDP","A","2000",8.01676517433891,
"PRT","GGEXPDEST","SOCIETY","PC_GDP","A","2001",8.06773387207933,
"PRT","GGEXPDEST","SOCIETY","PC_GDP","A","2002",8.15807448981751,
"PRT","GGEXPDEST","SOCIETY","PC_GDP","A","2003",8.34541720822284,
"PRT","GGEXPDEST","SOCIETY","PC_GDP","A","2004",8.57152793380172,
"PRT","GGEXPDEST","SOCIETY","PC_GDP","A","2005",8.91640014454478,
"PRT","GGEXPDEST","SOCIETY","PC_GDP","A","2006",8.81456316820253,
"PRT","GGEXPDEST","SOCIETY","PC_GDP","A","2007",8.80894404068641,
"PRT","GGEXPDEST","SOCIETY","PC_GDP","A","2008",8.84519629732856,
"PRT","GGEXPDEST","SOCIETY","PC_GDP","A","2009",9.53278286883439,
"PRT","GGEXPDEST","SOCIETY","PC_GDP","A","2010",9.27324761502002,
"PRT","GGEXPDEST","SOCIETY","PC_GDP","A","2011",9.17427254561305,
"PRT","GGEXPDEST","SOCIETY","PC_GDP","A","2012",8.53149956933269,
"PRT","GGEXPDEST","SOCIETY","PC_GDP","A","2013",8.85882928285727,
"PRT","GGEXPDEST","SOCIETY","PC_GDP","A","2014",8.792010679744,
"PRT","GGEXPDEST","SOCIETY","PC_GDP","A","2015",9.06818539027908,
"PRT","GGEXPDEST","SOCIETY","PC_GDP","A","2016",8.99896383698235,"E"
"PRT","GGEXPDEST","SOCIETY","PC_GDP","A","2017",7.98855107027652,"E"
"CZE","GGEXPDEST","SOCIETY","PC_GDP","A","1990",9.03017119093436,"E"
"CZE","GGEXPDEST","SOCIETY","PC_GDP","A","1991",9.14828187431967,"E"
"CZE","GGEXPDEST","SOCIETY","PC_GDP","A","1992",11.8981419833985,"E"
"CZE","GGEXPDEST","SOCIETY","PC_GDP","A","1993",11.3049033807926,"E"
"CZE","GGEXPDEST","SOCIETY","PC_GDP","A","1994",10.7446218235521,"E"
"CZE","GGEXPDEST","SOCIETY","PC_GDP","A","1995",10.1531913767053,
"CZE","GGEXPDEST","SOCIETY","PC_GDP","A","1996",9.5931898399751,
"CZE","GGEXPDEST","SOCIETY","PC_GDP","A","1997",10.454453790093,
"CZE","GGEXPDEST","SOCIETY","PC_GDP","A","1998",9.60273277583886,
"CZE","GGEXPDEST","SOCIETY","PC_GDP","A","1999",10.563601685146,
"CZE","GGEXPDEST","SOCIETY","PC_GDP","A","2000",10.3171691267479,
"CZE","GGEXPDEST","SOCIETY","PC_GDP","A","2001",10.2219398055296,
"CZE","GGEXPDEST","SOCIETY","PC_GDP","A","2002",10.55960448143,
"CZE","GGEXPDEST","SOCIETY","PC_GDP","A","2003",11.1425066058635,
"CZE","GGEXPDEST","SOCIETY","PC_GDP","A","2004",10.1950272396818,
"CZE","GGEXPDEST","SOCIETY","PC_GDP","A","2005",10.4358713859497,
"CZE","GGEXPDEST","SOCIETY","PC_GDP","A","2006",10.3537408071856,
"CZE","GGEXPDEST","SOCIETY","PC_GDP","A","2007",9.8323566703827,
"CZE","GGEXPDEST","SOCIETY","PC_GDP","A","2008",9.83945049311439,
"CZE","GGEXPDEST","SOCIETY","PC_GDP","A","2009",10.4928011308747,
"CZE","GGEXPDEST","SOCIETY","PC_GDP","A","2010",10.3371033781001,
"CZE","GGEXPDEST","SOCIETY","PC_GDP","A","2011",9.58288245071899,
"CZE","GGEXPDEST","SOCIETY","PC_GDP","A","2012",9.23419029772074,
"CZE","GGEXPDEST","SOCIETY","PC_GDP","A","2013",9.47259334017873,
"CZE","GGEXPDEST","SOCIETY","PC_GDP","A","2014",9.15373932290152,
"CZE","GGEXPDEST","SOCIETY","PC_GDP","A","2015",9.03891676347643,
"CZE","GGEXPDEST","SOCIETY","PC_GDP","A","2016",9.09318182294845,
"CZE","GGEXPDEST","SOCIETY","PC_GDP","A","2017",8.79667913267058,
"EU","GGEXPDEST","SOCIETY","PC_GDP","A","2000",7.66950583271883,
"EU","GGEXPDEST","SOCIETY","PC_GDP","A","2001",7.66964737128717,
"EU","GGEXPDEST","SOCIETY","PC_GDP","A","2002",7.74256134534466,
"EU","GGEXPDEST","SOCIETY","PC_GDP","A","2003",7.86101061135336,
"EU","GGEXPDEST","SOCIETY","PC_GDP","A","2004",7.85117789299055,
"EU","GGEXPDEST","SOCIETY","PC_GDP","A","2005",7.81221102493887,
"EU","GGEXPDEST","SOCIETY","PC_GDP","A","2006",7.69063381274597,
"EU","GGEXPDEST","SOCIETY","PC_GDP","A","2007",7.51412220024891,
"EU","GGEXPDEST","SOCIETY","PC_GDP","A","2008",7.73114701659106,
"EU","GGEXPDEST","SOCIETY","PC_GDP","A","2009",8.28077901507282,
"EU","GGEXPDEST","SOCIETY","PC_GDP","A","2010",8.10489566742198,
"EU","GGEXPDEST","SOCIETY","PC_GDP","A","2011",7.89467548003665,
"EU","GGEXPDEST","SOCIETY","PC_GDP","A","2012",7.88097709254716,
"EU","GGEXPDEST","SOCIETY","PC_GDP","A","2013",7.86064799966227,
"EU","GGEXPDEST","SOCIETY","PC_GDP","A","2014",7.70367560566158,
"EU","GGEXPDEST","SOCIETY","PC_GDP","A","2015",7.49976629753442,
"EU","GGEXPDEST","SOCIETY","PC_GDP","A","2016",7.43306367476171,
"EU","GGEXPDEST","SOCIETY","PC_GDP","A","2017",7.35311680005828,
"ESP","GGEXPDEST","SOCIETY","PC_GDP","A","1995",7.84979220049767,
"ESP","GGEXPDEST","SOCIETY","PC_GDP","A","1996",7.72533156281251,
"ESP","GGEXPDEST","SOCIETY","PC_GDP","A","1997",7.52650811023668,
"ESP","GGEXPDEST","SOCIETY","PC_GDP","A","1998",7.43806426227614,
"ESP","GGEXPDEST","SOCIETY","PC_GDP","A","1999",7.30436333533003,
"ESP","GGEXPDEST","SOCIETY","PC_GDP","A","2000",7.25214700193424,
"ESP","GGEXPDEST","SOCIETY","PC_GDP","A","2001",7.2930604636269,
"ESP","GGEXPDEST","SOCIETY","PC_GDP","A","2002",7.14251395991928,
"ESP","GGEXPDEST","SOCIETY","PC_GDP","A","2003",7.23435290837764,
"ESP","GGEXPDEST","SOCIETY","PC_GDP","A","2004",7.28111722504701,
"ESP","GGEXPDEST","SOCIETY","PC_GDP","A","2005",7.22936363460517,
"ESP","GGEXPDEST","SOCIETY","PC_GDP","A","2006",7.33253040256991,
"ESP","GGEXPDEST","SOCIETY","PC_GDP","A","2007",7.50781591903087,
"ESP","GGEXPDEST","SOCIETY","PC_GDP","A","2008",7.96416493090551,
"ESP","GGEXPDEST","SOCIETY","PC_GDP","A","2009",8.51219403698802,
"ESP","GGEXPDEST","SOCIETY","PC_GDP","A","2010",8.7034835582158,
"ESP","GGEXPDEST","SOCIETY","PC_GDP","A","2011",8.80789276275656,
"ESP","GGEXPDEST","SOCIETY","PC_GDP","A","2012",8.50439741684819,
"ESP","GGEXPDEST","SOCIETY","PC_GDP","A","2013",8.52613793795999,
"ESP","GGEXPDEST","SOCIETY","PC_GDP","A","2014",8.47613266269681,
"ESP","GGEXPDEST","SOCIETY","PC_GDP","A","2015",8.25914638376196,"E"
"ESP","GGEXPDEST","SOCIETY","PC_GDP","A","2016",7.95937941064212,"E"
"ESP","GGEXPDEST","SOCIETY","PC_GDP","A","2017",7.76965821529101,"E"
"LUX","GGEXPDEST","SOCIETY","PC_GDP","A","1985",11.6120740664582,"E"
"LUX","GGEXPDEST","SOCIETY","PC_GDP","A","1986",11.3021445391757,"E"
"LUX","GGEXPDEST","SOCIETY","PC_GDP","A","1987",12.0740037671453,"E"
"LUX","GGEXPDEST","SOCIETY","PC_GDP","A","1988",11.4061044847243,"E"
"LUX","GGEXPDEST","SOCIETY","PC_GDP","A","1989",11.1001389551201,"E"
"LUX","GGEXPDEST","SOCIETY","PC_GDP","A","1990",6.58374699881722,"E"
"LUX","GGEXPDEST","SOCIETY","PC_GDP","A","1991",6.29145986203953,"E"
"LUX","GGEXPDEST","SOCIETY","PC_GDP","A","1992",6.48159021674926,"E"
"LUX","GGEXPDEST","SOCIETY","PC_GDP","A","1993",6.28515492443484,"E"
"LUX","GGEXPDEST","SOCIETY","PC_GDP","A","1994",6.17680537402508,"E"
"LUX","GGEXPDEST","SOCIETY","PC_GDP","A","1995",6.75629498939413,
"LUX","GGEXPDEST","SOCIETY","PC_GDP","A","1996",6.72114622221446,
"LUX","GGEXPDEST","SOCIETY","PC_GDP","A","1997",6.95768036364758,
"LUX","GGEXPDEST","SOCIETY","PC_GDP","A","1998",6.53152786533868,
"LUX","GGEXPDEST","SOCIETY","PC_GDP","A","1999",6.13192415777511,
"LUX","GGEXPDEST","SOCIETY","PC_GDP","A","2000",6.14528034696194,
"LUX","GGEXPDEST","SOCIETY","PC_GDP","A","2001",6.54413895246528,
"LUX","GGEXPDEST","SOCIETY","PC_GDP","A","2002",6.76442538031221,
"LUX","GGEXPDEST","SOCIETY","PC_GDP","A","2003",6.92703355265946,
"LUX","GGEXPDEST","SOCIETY","PC_GDP","A","2004",6.92537881692294,
"LUX","GGEXPDEST","SOCIETY","PC_GDP","A","2005",6.91983028226795,
"LUX","GGEXPDEST","SOCIETY","PC_GDP","A","2006",6.41864185117062,
"LUX","GGEXPDEST","SOCIETY","PC_GDP","A","2007",6.11270309956427,
"LUX","GGEXPDEST","SOCIETY","PC_GDP","A","2008",6.37279682661151,
"LUX","GGEXPDEST","SOCIETY","PC_GDP","A","2009",6.94924024347669,
"LUX","GGEXPDEST","SOCIETY","PC_GDP","A","2010",6.80662500984374,
"LUX","GGEXPDEST","SOCIETY","PC_GDP","A","2011",6.6978587059419,
"LUX","GGEXPDEST","SOCIETY","PC_GDP","A","2012",6.95682442649799,
"LUX","GGEXPDEST","SOCIETY","PC_GDP","A","2013",6.81546449041668,
"LUX","GGEXPDEST","SOCIETY","PC_GDP","A","2014",6.58393728172676,
"LUX","GGEXPDEST","SOCIETY","PC_GDP","A","2015",6.7450869553568,
"LUX","GGEXPDEST","SOCIETY","PC_GDP","A","2016",6.635898119145,
"LUX","GGEXPDEST","SOCIETY","PC_GDP","A","2017",6.37954489996607,
"MEX","GGEXPDEST","SOCIETY","PC_GDP","A","1988",4.06405490737079,"E"
"MEX","GGEXPDEST","SOCIETY","PC_GDP","A","1989",3.93701521550983,"E"
"MEX","GGEXPDEST","SOCIETY","PC_GDP","A","1990",4.08335900780626,"E"
"MEX","GGEXPDEST","SOCIETY","PC_GDP","A","1991",4.42232064797418,"E"
"MEX","GGEXPDEST","SOCIETY","PC_GDP","A","1992",4.69853552121033,"E"
"MEX","GGEXPDEST","SOCIETY","PC_GDP","A","1993",4.63081532677015,
"MEX","GGEXPDEST","SOCIETY","PC_GDP","A","1994",4.76941331479564,
"MEX","GGEXPDEST","SOCIETY","PC_GDP","A","1995",4.26389541512559,
"MEX","GGEXPDEST","SOCIETY","PC_GDP","A","1996",4.15676324602537,
"MEX","GGEXPDEST","SOCIETY","PC_GDP","A","1997",4.29381588281271,
"MEX","GGEXPDEST","SOCIETY","PC_GDP","A","1998",4.28716674264386,
"MEX","GGEXPDEST","SOCIETY","PC_GDP","A","1999",4.67906197813599,
"MEX","GGEXPDEST","SOCIETY","PC_GDP","A","2000",4.97336442887614,
"MEX","GGEXPDEST","SOCIETY","PC_GDP","A","2001",4.95325586012946,
"MEX","GGEXPDEST","SOCIETY","PC_GDP","A","2002",5.2828605817351,
"MEX","GGEXPDEST","SOCIETY","PC_GDP","A","2003",5.56011924107626,
"MEX","GGEXPDEST","SOCIETY","PC_GDP","A","2004",5.2921849650328,
"MEX","GGEXPDEST","SOCIETY","PC_GDP","A","2005",5.29695659627374,
"MEX","GGEXPDEST","SOCIETY","PC_GDP","A","2006",5.24961806888956,
"MEX","GGEXPDEST","SOCIETY","PC_GDP","A","2007",5.34905396229461,
"MEX","GGEXPDEST","SOCIETY","PC_GDP","A","2008",5.43249929665361,
"MEX","GGEXPDEST","SOCIETY","PC_GDP","A","2009",6.143924143401,
"MEX","GGEXPDEST","SOCIETY","PC_GDP","A","2010",6.10407972603215,
"MEX","GGEXPDEST","SOCIETY","PC_GDP","A","2011",6.04588765189591,
"MEX","GGEXPDEST","SOCIETY","PC_GDP","A","2012",6.14843216738076,
"MEX","GGEXPDEST","SOCIETY","PC_GDP","A","2013",6.05017810682436,
"MEX","GGEXPDEST","SOCIETY","PC_GDP","A","2014",6.13843576418062,
"MEX","GGEXPDEST","SOCIETY","PC_GDP","A","2015",6.16568709046137,
"MEX","GGEXPDEST","SOCIETY","PC_GDP","A","2016",6.11802717231799,"E"
"ITA","GGEXPDEST","SOCIETY","PC_GDP","A","1988",8.36903757226835,"E"
"ITA","GGEXPDEST","SOCIETY","PC_GDP","A","1989",8.21047306698429,"E"
"ITA","GGEXPDEST","SOCIETY","PC_GDP","A","1990",8.32834500983694,"E"
"ITA","GGEXPDEST","SOCIETY","PC_GDP","A","1991",8.30567911665923,"E"
"ITA","GGEXPDEST","SOCIETY","PC_GDP","A","1992",8.26202705770159,"E"
"ITA","GGEXPDEST","SOCIETY","PC_GDP","A","1993",8.37724466367996,"E"
"ITA","GGEXPDEST","SOCIETY","PC_GDP","A","1994",8.38080500599939,"E"
"ITA","GGEXPDEST","SOCIETY","PC_GDP","A","1995",7.87363523080694,
"ITA","GGEXPDEST","SOCIETY","PC_GDP","A","1996",7.92341339513969,
"ITA","GGEXPDEST","SOCIETY","PC_GDP","A","1997",7.78763176351804,
"ITA","GGEXPDEST","SOCIETY","PC_GDP","A","1998",7.74610644918822,
"ITA","GGEXPDEST","SOCIETY","PC_GDP","A","1999",7.63280938140359,
"ITA","GGEXPDEST","SOCIETY","PC_GDP","A","2000",7.58497184987601,
"ITA","GGEXPDEST","SOCIETY","PC_GDP","A","2001",7.71704952427849,
"ITA","GGEXPDEST","SOCIETY","PC_GDP","A","2002",7.73714138461884,
"ITA","GGEXPDEST","SOCIETY","PC_GDP","A","2003",8.08055110858514,
"ITA","GGEXPDEST","SOCIETY","PC_GDP","A","2004",8.16390811500462,
"ITA","GGEXPDEST","SOCIETY","PC_GDP","A","2005",8.20412888146172,
"ITA","GGEXPDEST","SOCIETY","PC_GDP","A","2006",7.99606890244288,
"ITA","GGEXPDEST","SOCIETY","PC_GDP","A","2007",7.71761910217435,
"ITA","GGEXPDEST","SOCIETY","PC_GDP","A","2008",8.00918640606003,
"ITA","GGEXPDEST","SOCIETY","PC_GDP","A","2009",8.48997662438346,
"ITA","GGEXPDEST","SOCIETY","PC_GDP","A","2010",8.44573233834908,
"ITA","GGEXPDEST","SOCIETY","PC_GDP","A","2011",8.15829170847169,
"ITA","GGEXPDEST","SOCIETY","PC_GDP","A","2012",8.12786491989847,
"ITA","GGEXPDEST","SOCIETY","PC_GDP","A","2013",8.22616689738889,
"ITA","GGEXPDEST","SOCIETY","PC_GDP","A","2014",7.94930557336811,
"ITA","GGEXPDEST","SOCIETY","PC_GDP","A","2015",7.7275370179865,
"ITA","GGEXPDEST","SOCIETY","PC_GDP","A","2016",7.76692629593977,
"ITA","GGEXPDEST","SOCIETY","PC_GDP","A","2017",7.64245722332946,
"CHE","GGEXPDEST","SOCIETY","PC_GDP","A","1990",7.57648476820789,"E"
"CHE","GGEXPDEST","SOCIETY","PC_GDP","A","1991",7.27695453380666,"E"
"CHE","GGEXPDEST","SOCIETY","PC_GDP","A","1992",7.46490363001018,"E"
"CHE","GGEXPDEST","SOCIETY","PC_GDP","A","1993",7.13845999032268,"E"
"CHE","GGEXPDEST","SOCIETY","PC_GDP","A","1994",7.2894644635479,"E"
"CHE","GGEXPDEST","SOCIETY","PC_GDP","A","1995",6.81791089803214,
"CHE","GGEXPDEST","SOCIETY","PC_GDP","A","1996",6.79415290153344,
"CHE","GGEXPDEST","SOCIETY","PC_GDP","A","1997",6.44402916294928,
"CHE","GGEXPDEST","SOCIETY","PC_GDP","A","1998",6.3121948345412,
"CHE","GGEXPDEST","SOCIETY","PC_GDP","A","1999",6.26374987716457,
"CHE","GGEXPDEST","SOCIETY","PC_GDP","A","2000",6.24625712082383,
"CHE","GGEXPDEST","SOCIETY","PC_GDP","A","2001",6.37319288688143,
"CHE","GGEXPDEST","SOCIETY","PC_GDP","A","2002",6.45964649849087,
"CHE","GGEXPDEST","SOCIETY","PC_GDP","A","2003",6.49141379248548,
"CHE","GGEXPDEST","SOCIETY","PC_GDP","A","2004",6.25027597762299,
"CHE","GGEXPDEST","SOCIETY","PC_GDP","A","2005",6.1327184173479,
"CHE","GGEXPDEST","SOCIETY","PC_GDP","A","2006",5.83198413960769,
"CHE","GGEXPDEST","SOCIETY","PC_GDP","A","2007",5.66513265038027,
"CHE","GGEXPDEST","SOCIETY","PC_GDP","A","2008",5.7531332764265,
"CHE","GGEXPDEST","SOCIETY","PC_GDP","A","2009",6.11244677363103,
"CHE","GGEXPDEST","SOCIETY","PC_GDP","A","2010",6.01643725617194,
"CHE","GGEXPDEST","SOCIETY","PC_GDP","A","2011",6.04985899332496,
"CHE","GGEXPDEST","SOCIETY","PC_GDP","A","2012",6.06146646492791,
"CHE","GGEXPDEST","SOCIETY","PC_GDP","A","2013",6.12218363770721,
"CHE","GGEXPDEST","SOCIETY","PC_GDP","A","2014",6.11600142024213,
"CHE","GGEXPDEST","SOCIETY","PC_GDP","A","2015",6.01157045255327,"E"
"CHE","GGEXPDEST","SOCIETY","PC_GDP","A","2016",6.00832121046084,"E"
"FRA","GGEXPDEST","SOCIETY","PC_GDP","A","1970",7.24514312081338,
"FRA","GGEXPDEST","SOCIETY","PC_GDP","A","1971",7.36418625884501,
"FRA","GGEXPDEST","SOCIETY","PC_GDP","A","1972",7.36418999661314,
"FRA","GGEXPDEST","SOCIETY","PC_GDP","A","1973",7.31830970222012,
"FRA","GGEXPDEST","SOCIETY","PC_GDP","A","1974",7.53175046688351,
"FRA","GGEXPDEST","SOCIETY","PC_GDP","A","1975",8.09493123505571,
"FRA","GGEXPDEST","SOCIETY","PC_GDP","A","1976",8.3037430487286,
"FRA","GGEXPDEST","SOCIETY","PC_GDP","A","1977",8.45058945851953,
"FRA","GGEXPDEST","SOCIETY","PC_GDP","A","1978",8.39321314343904,
"FRA","GGEXPDEST","SOCIETY","PC_GDP","A","1979",8.36869993219658,
"FRA","GGEXPDEST","SOCIETY","PC_GDP","A","1980",8.66347920401974,
"FRA","GGEXPDEST","SOCIETY","PC_GDP","A","1981",8.96163612655274,
"FRA","GGEXPDEST","SOCIETY","PC_GDP","A","1982",9.11211643904578,
"FRA","GGEXPDEST","SOCIETY","PC_GDP","A","1983",9.27592419509556,
"FRA","GGEXPDEST","SOCIETY","PC_GDP","A","1984",9.32902422810913,
"FRA","GGEXPDEST","SOCIETY","PC_GDP","A","1985",9.3766703753123,
"FRA","GGEXPDEST","SOCIETY","PC_GDP","A","1986",9.28644383228005,
"FRA","GGEXPDEST","SOCIETY","PC_GDP","A","1987",9.18826658940656,
"FRA","GGEXPDEST","SOCIETY","PC_GDP","A","1988",9.05692190463838,
"FRA","GGEXPDEST","SOCIETY","PC_GDP","A","1989",8.61750981074514,
"FRA","GGEXPDEST","SOCIETY","PC_GDP","A","1990",8.47252991326435,
"FRA","GGEXPDEST","SOCIETY","PC_GDP","A","1991",8.65444419508933,
"FRA","GGEXPDEST","SOCIETY","PC_GDP","A","1992",8.85539393607154,
"FRA","GGEXPDEST","SOCIETY","PC_GDP","A","1993",9.42388665279187,
"FRA","GGEXPDEST","SOCIETY","PC_GDP","A","1994",9.22078505458666,
"FRA","GGEXPDEST","SOCIETY","PC_GDP","A","1995",8.93395815223681,
"FRA","GGEXPDEST","SOCIETY","PC_GDP","A","1996",9.21537436934326,
"FRA","GGEXPDEST","SOCIETY","PC_GDP","A","1997",9.2999798109032,
"FRA","GGEXPDEST","SOCIETY","PC_GDP","A","1998",8.72729854959257,
"FRA","GGEXPDEST","SOCIETY","PC_GDP","A","1999",8.73819324639061,
"FRA","GGEXPDEST","SOCIETY","PC_GDP","A","2000",8.54702299833963,
"FRA","GGEXPDEST","SOCIETY","PC_GDP","A","2001",8.32525029254973,
"FRA","GGEXPDEST","SOCIETY","PC_GDP","A","2002",8.34019280413697,
"FRA","GGEXPDEST","SOCIETY","PC_GDP","A","2003",8.33499931929653,
"FRA","GGEXPDEST","SOCIETY","PC_GDP","A","2004",8.33095170887179,
"FRA","GGEXPDEST","SOCIETY","PC_GDP","A","2005",8.27343486767408,
"FRA","GGEXPDEST","SOCIETY","PC_GDP","A","2006",8.13055859613203,
"FRA","GGEXPDEST","SOCIETY","PC_GDP","A","2007",7.93794041290642,
"FRA","GGEXPDEST","SOCIETY","PC_GDP","A","2008",7.9502404159849,
"FRA","GGEXPDEST","SOCIETY","PC_GDP","A","2009",8.53811824075537,
"FRA","GGEXPDEST","SOCIETY","PC_GDP","A","2010",8.43782529748823,
"FRA","GGEXPDEST","SOCIETY","PC_GDP","A","2011",8.37196829139965,
"FRA","GGEXPDEST","SOCIETY","PC_GDP","A","2012",8.47824879691919,
"FRA","GGEXPDEST","SOCIETY","PC_GDP","A","2013",8.54132531389498,
"FRA","GGEXPDEST","SOCIETY","PC_GDP","A","2014",8.43427072261387,
"FRA","GGEXPDEST","SOCIETY","PC_GDP","A","2015",8.24719618346167,
"FRA","GGEXPDEST","SOCIETY","PC_GDP","A","2016",8.2132562255224,"E"
"FRA","GGEXPDEST","SOCIETY","PC_GDP","A","2017",8.13992202312252,"E"
"CAN","GGEXPDEST","SOCIETY","PC_GDP","A","1993",9.06629348510866,"E"
"CAN","GGEXPDEST","SOCIETY","PC_GDP","A","1994",8.61970799955112,"E"
"CAN","GGEXPDEST","SOCIETY","PC_GDP","A","1995",8.25975947029468,"E"
"CAN","GGEXPDEST","SOCIETY","PC_GDP","A","1996",7.90681930706996,"E"
"CAN","GGEXPDEST","SOCIETY","PC_GDP","A","1997",7.73842432807587,"E"
"CAN","GGEXPDEST","SOCIETY","PC_GDP","A","1998",7.79672700460964,"E"
"CAN","GGEXPDEST","SOCIETY","PC_GDP","A","1999",7.58876259581613,"E"
"CAN","GGEXPDEST","SOCIETY","PC_GDP","A","2000",7.62665208697037,"E"
"CAN","GGEXPDEST","SOCIETY","PC_GDP","A","2001",7.69522990960429,"E"
"CAN","GGEXPDEST","SOCIETY","PC_GDP","A","2002",7.83147246764708,"E"
"CAN","GGEXPDEST","SOCIETY","PC_GDP","A","2003",7.92758415806,"E"
"CAN","GGEXPDEST","SOCIETY","PC_GDP","A","2004",7.62877813423816,"E"
"CAN","GGEXPDEST","SOCIETY","PC_GDP","A","2005",7.46381848566887,"E"
"CAN","GGEXPDEST","SOCIETY","PC_GDP","A","2006",7.45665677087889,"E"
"CAN","GGEXPDEST","SOCIETY","PC_GDP","A","2007",7.43727067577733,"E"
"CAN","GGEXPDEST","SOCIETY","PC_GDP","A","2008",7.701163584836,"E"
"CAN","GGEXPDEST","SOCIETY","PC_GDP","A","2009",8.62930489747778,"E"
"CAN","GGEXPDEST","SOCIETY","PC_GDP","A","2010",8.347617519794,"E"
"CAN","GGEXPDEST","SOCIETY","PC_GDP","A","2011",8.01878454107436,
"CAN","GGEXPDEST","SOCIETY","PC_GDP","A","2012",7.98597915429326,
"CAN","GGEXPDEST","SOCIETY","PC_GDP","A","2013",7.85249483794473,
"CAN","GGEXPDEST","SOCIETY","PC_GDP","A","2014",7.68555794757197,
"CAN","GGEXPDEST","SOCIETY","PC_GDP","A","2015",7.90845924397209,
"CAN","GGEXPDEST","SOCIETY","PC_GDP","A","2016",7.98461012390043,
"CAN","GGEXPDEST","SOCIETY","PC_GDP","A","2017",7.87854970477278,
"RUS","GGEXPDEST","SOCIETY","PC_GDP","A","1989",13.9253316435403,"E"
"RUS","GGEXPDEST","SOCIETY","PC_GDP","A","1990",14.675864451603,"E"
"RUS","GGEXPDEST","SOCIETY","PC_GDP","A","1991",10.3857166926232,"E"
"RUS","GGEXPDEST","SOCIETY","PC_GDP","A","1992",7.03052076366115,"E"
"RUS","GGEXPDEST","SOCIETY","PC_GDP","A","1993",9.51067288073054,"E"
"RUS","GGEXPDEST","SOCIETY","PC_GDP","A","1994",12.8465274400717,"E"
"RUS","GGEXPDEST","SOCIETY","PC_GDP","A","1995",10.396803990561,"E"
"RUS","GGEXPDEST","SOCIETY","PC_GDP","A","1996",10.8690355465464,"E"
"RUS","GGEXPDEST","SOCIETY","PC_GDP","A","1997",12.1182581258078,"E"
"RUS","GGEXPDEST","SOCIETY","PC_GDP","A","1998",10.8423068845235,"E"
"RUS","GGEXPDEST","SOCIETY","PC_GDP","A","1999",8.72545354264052,"E"
"RUS","GGEXPDEST","SOCIETY","PC_GDP","A","2000",9.30019957092005,"E"
"RUS","GGEXPDEST","SOCIETY","PC_GDP","A","2001",9.99876899393397,"E"
"RUS","GGEXPDEST","SOCIETY","PC_GDP","A","2002",9.96032675535423,"E"
"RUS","GGEXPDEST","SOCIETY","PC_GDP","A","2003",10.1647394016579,"E"
"RUS","GGEXPDEST","SOCIETY","PC_GDP","A","2004",9.51096070171259,"E"
"RUS","GGEXPDEST","SOCIETY","PC_GDP","A","2005",9.12015704900682,"E"
"RUS","GGEXPDEST","SOCIETY","PC_GDP","A","2006",9.32714498518308,"E"
"RUS","GGEXPDEST","SOCIETY","PC_GDP","A","2007",9.09029573177059,"E"
"RUS","GGEXPDEST","SOCIETY","PC_GDP","A","2008",9.29335265064485,"E"
"RUS","GGEXPDEST","SOCIETY","PC_GDP","A","2009",10.8348940438063,"E"
"RUS","GGEXPDEST","SOCIETY","PC_GDP","A","2010",9.77090339349496,"E"
"RUS","GGEXPDEST","SOCIETY","PC_GDP","A","2011",9.32730980262405,
"RUS","GGEXPDEST","SOCIETY","PC_GDP","A","2012",10.1672238798849,
"RUS","GGEXPDEST","SOCIETY","PC_GDP","A","2013",10.6996882762778,
"RUS","GGEXPDEST","SOCIETY","PC_GDP","A","2014",10.0960205529169,
"RUS","GGEXPDEST","SOCIETY","PC_GDP","A","2015",9.73098210256473,
"RUS","GGEXPDEST","SOCIETY","PC_GDP","A","2016",9.98946036097267,
"POL","GGEXPDEST","SOCIETY","PC_GDP","A","1990",12.3324401585137,"E"
"POL","GGEXPDEST","SOCIETY","PC_GDP","A","1991",17.0688048909254,"E"
"POL","GGEXPDEST","SOCIETY","PC_GDP","A","1992",16.1811371478483,"E"
"POL","GGEXPDEST","SOCIETY","PC_GDP","A","1993",14.3694135051423,"E"
"POL","GGEXPDEST","SOCIETY","PC_GDP","A","1994",10.1986659391598,"E"
"POL","GGEXPDEST","SOCIETY","PC_GDP","A","1995",11.0327460304106,
"POL","GGEXPDEST","SOCIETY","PC_GDP","A","1996",10.6019391358995,
"POL","GGEXPDEST","SOCIETY","PC_GDP","A","1997",10.2666952858791,
"POL","GGEXPDEST","SOCIETY","PC_GDP","A","1998",9.98465523784381,
"POL","GGEXPDEST","SOCIETY","PC_GDP","A","1999",8.43310505029802,
"POL","GGEXPDEST","SOCIETY","PC_GDP","A","2000",8.29239365276547,
"POL","GGEXPDEST","SOCIETY","PC_GDP","A","2001",8.56259311207809,
"POL","GGEXPDEST","SOCIETY","PC_GDP","A","2002",8.48698153754296,
"POL","GGEXPDEST","SOCIETY","PC_GDP","A","2003",8.88808766682823,
"POL","GGEXPDEST","SOCIETY","PC_GDP","A","2004",8.59299810730691,
"POL","GGEXPDEST","SOCIETY","PC_GDP","A","2005",8.51870025079054,
"POL","GGEXPDEST","SOCIETY","PC_GDP","A","2006",8.58860896745633,
"POL","GGEXPDEST","SOCIETY","PC_GDP","A","2007",8.41331924335111,
"POL","GGEXPDEST","SOCIETY","PC_GDP","A","2008",8.78008878217265,
"POL","GGEXPDEST","SOCIETY","PC_GDP","A","2009",8.65174958898359,
"POL","GGEXPDEST","SOCIETY","PC_GDP","A","2010",8.90446122529748,
"POL","GGEXPDEST","SOCIETY","PC_GDP","A","2011",8.27285004569754,
"POL","GGEXPDEST","SOCIETY","PC_GDP","A","2012",8.17926569188517,
"POL","GGEXPDEST","SOCIETY","PC_GDP","A","2013",8.25278608481527,
"POL","GGEXPDEST","SOCIETY","PC_GDP","A","2014",8.29204387333415,
"POL","GGEXPDEST","SOCIETY","PC_GDP","A","2015",8.13119098006438,
"POL","GGEXPDEST","SOCIETY","PC_GDP","A","2016",8.01541915168838,
"POL","GGEXPDEST","SOCIETY","PC_GDP","A","2017",7.96920406845334,
"ZAF","GGEXPDEST","SOCIETY","PC_GDP","A","1990",10.462542725673,
"ZAF","GGEXPDEST","SOCIETY","PC_GDP","A","1991",10.5029930286844,
"ZAF","GGEXPDEST","SOCIETY","PC_GDP","A","1992",10.0765474651356,
"ZAF","GGEXPDEST","SOCIETY","PC_GDP","A","1993",10.7766516892846,
"ZAF","GGEXPDEST","SOCIETY","PC_GDP","A","1994",11.1165521035481,
"ZAF","GGEXPDEST","SOCIETY","PC_GDP","A","1995",10.0620710447444,
"ZAF","GGEXPDEST","SOCIETY","PC_GDP","A","1996",10.9914577591627,
"ZAF","GGEXPDEST","SOCIETY","PC_GDP","A","1997",10.4645457299425,
"ZAF","GGEXPDEST","SOCIETY","PC_GDP","A","1998",10.494605190256,
"ZAF","GGEXPDEST","SOCIETY","PC_GDP","A","1999",10.5747448646486,
"ZAF","GGEXPDEST","SOCIETY","PC_GDP","A","2000",9.86216137390577,
"ZAF","GGEXPDEST","SOCIETY","PC_GDP","A","2001",9.850364768139,
"ZAF","GGEXPDEST","SOCIETY","PC_GDP","A","2002",9.92347598920531,
"ZAF","GGEXPDEST","SOCIETY","PC_GDP","A","2003",10.4473187576088,
"ZAF","GGEXPDEST","SOCIETY","PC_GDP","A","2004",10.5937669940127,
"ZAF","GGEXPDEST","SOCIETY","PC_GDP","A","2005",11.01909771152,
"ZAF","GGEXPDEST","SOCIETY","PC_GDP","A","2006",10.0702402957486,
"ZAF","GGEXPDEST","SOCIETY","PC_GDP","A","2007",9.56519595620199,
"ZAF","GGEXPDEST","SOCIETY","PC_GDP","A","2008",9.90463318197954,
"ZAF","GGEXPDEST","SOCIETY","PC_GDP","A","2009",10.4394624985594,
"ZAF","GGEXPDEST","SOCIETY","PC_GDP","A","2010",10.5379228905332,
"ZAF","GGEXPDEST","SOCIETY","PC_GDP","A","2011",10.5254942576794,
"ZAF","GGEXPDEST","SOCIETY","PC_GDP","A","2012",10.769822306362,
"ZAF","GGEXPDEST","SOCIETY","PC_GDP","A","2013",10.8504912102866,
"ZAF","GGEXPDEST","SOCIETY","PC_GDP","A","2014",11.0382500112258,
"TUR","GGEXPDEST","SOCIETY","PC_GDP","A","1970",4.97033177556556,"E"
"TUR","GGEXPDEST","SOCIETY","PC_GDP","A","1971",5.28322159838238,"E"
"TUR","GGEXPDEST","SOCIETY","PC_GDP","A","1972",5.65391321217052,"E"
"TUR","GGEXPDEST","SOCIETY","PC_GDP","A","1973",6.0501853604452,"E"
"TUR","GGEXPDEST","SOCIETY","PC_GDP","A","1974",5.4925184540106,"E"
"TUR","GGEXPDEST","SOCIETY","PC_GDP","A","1975",6.15644249758089,"E"
"TUR","GGEXPDEST","SOCIETY","PC_GDP","A","1976",6.72824743579291,"E"
"TUR","GGEXPDEST","SOCIETY","PC_GDP","A","1977",7.47363756033945,"E"
"TUR","GGEXPDEST","SOCIETY","PC_GDP","A","1978",6.57100686298808,"E"
"TUR","GGEXPDEST","SOCIETY","PC_GDP","A","1979",6.19977066978186,"E"
"TUR","GGEXPDEST","SOCIETY","PC_GDP","A","1980",4.53280415475819,"E"
"TUR","GGEXPDEST","SOCIETY","PC_GDP","A","1981",5.87246028620601,"E"
"TUR","GGEXPDEST","SOCIETY","PC_GDP","A","1982",5.10536858003043,"E"
"TUR","GGEXPDEST","SOCIETY","PC_GDP","A","1983",5.63457521079314,"E"
"TUR","GGEXPDEST","SOCIETY","PC_GDP","A","1984",4.81146163731757,"E"
"TUR","GGEXPDEST","SOCIETY","PC_GDP","A","1985",4.81997813057949,"E"
"TUR","GGEXPDEST","SOCIETY","PC_GDP","A","1986",4.84460632576349,"E"
"TUR","GGEXPDEST","SOCIETY","PC_GDP","A","1987",4.21563308994717,"E"
"TUR","GGEXPDEST","SOCIETY","PC_GDP","A","1988",4.10235971825289,"E"
"TUR","GGEXPDEST","SOCIETY","PC_GDP","A","1989",5.03502843364966,"E"
"TUR","GGEXPDEST","SOCIETY","PC_GDP","A","1990",5.9067774441939,"E"
"TUR","GGEXPDEST","SOCIETY","PC_GDP","A","1991",6.66170237491769,"E"
"TUR","GGEXPDEST","SOCIETY","PC_GDP","A","1992",6.92895877193551,"E"
"TUR","GGEXPDEST","SOCIETY","PC_GDP","A","1993",7.01754537031972,"E"
"TUR","GGEXPDEST","SOCIETY","PC_GDP","A","1994",6.27712290883906,"E"
"TUR","GGEXPDEST","SOCIETY","PC_GDP","A","1995",5.81234680026541,"E"
"TUR","GGEXPDEST","SOCIETY","PC_GDP","A","1996",6.23535761308279,"E"
"TUR","GGEXPDEST","SOCIETY","PC_GDP","A","1997",6.60644649030709,"E"
"TUR","GGEXPDEST","SOCIETY","PC_GDP","A","1998",6.84408921776823,"E"
"TUR","GGEXPDEST","SOCIETY","PC_GDP","A","1999",8.17961194611883,"E"
"TUR","GGEXPDEST","SOCIETY","PC_GDP","A","2000",7.72409727977714,"E"
"TUR","GGEXPDEST","SOCIETY","PC_GDP","A","2001",8.21004064544025,"E"
"TUR","GGEXPDEST","SOCIETY","PC_GDP","A","2002",8.33461750692494,"E"
"TUR","GGEXPDEST","SOCIETY","PC_GDP","A","2003",8.1853230317465,"E"
"TUR","GGEXPDEST","SOCIETY","PC_GDP","A","2004",8.0160866093533,"E"
"TUR","GGEXPDEST","SOCIETY","PC_GDP","A","2005",7.92925551895652,"E"
"TUR","GGEXPDEST","SOCIETY","PC_GDP","A","2006",8.38642539641181,"E"
"TUR","GGEXPDEST","SOCIETY","PC_GDP","A","2007",8.6993995023152,"E"
"TUR","GGEXPDEST","SOCIETY","PC_GDP","A","2008",8.8316778923024,"E"
"TUR","GGEXPDEST","SOCIETY","PC_GDP","A","2009",10.1624352894016,"E"
"TUR","GGEXPDEST","SOCIETY","PC_GDP","A","2010",9.64838099973309,"E"
"TUR","GGEXPDEST","SOCIETY","PC_GDP","A","2011",8.82974831603661,"E"
"TUR","GGEXPDEST","SOCIETY","PC_GDP","A","2012",9.17134579439945,"E"
"TUR","GGEXPDEST","SOCIETY","PC_GDP","A","2013",9.10190368128779,"E"
"TUR","GGEXPDEST","SOCIETY","PC_GDP","A","2014",9.08057363436278,"E"
"TUR","GGEXPDEST","SOCIETY","PC_GDP","A","2015",8.94281808812012,"E"
"TUR","GGEXPDEST","SOCIETY","PC_GDP","A","2016",9.55971950740364,"E"
"DEU","GGEXPDEST","SOCIETY","PC_GDP","A","1970",9.34194102071446,"E"
"DEU","GGEXPDEST","SOCIETY","PC_GDP","A","1971",9.89520936755764,"E"
"DEU","GGEXPDEST","SOCIETY","PC_GDP","A","1972",9.92694379429183,"E"
"DEU","GGEXPDEST","SOCIETY","PC_GDP","A","1973",10.2006831252936,"E"
"DEU","GGEXPDEST","SOCIETY","PC_GDP","A","1974",10.8348689803584,"E"
"DEU","GGEXPDEST","SOCIETY","PC_GDP","A","1975",11.1654325382595,"E"
"DEU","GGEXPDEST","SOCIETY","PC_GDP","A","1976",10.628584763933,"E"
"DEU","GGEXPDEST","SOCIETY","PC_GDP","A","1977",10.484013498667,"E"
"DEU","GGEXPDEST","SOCIETY","PC_GDP","A","1978",10.5775169441176,"E"
"DEU","GGEXPDEST","SOCIETY","PC_GDP","A","1979",10.5030079273313,"E"
"DEU","GGEXPDEST","SOCIETY","PC_GDP","A","1980",10.7286785217804,"E"
"DEU","GGEXPDEST","SOCIETY","PC_GDP","A","1981",11.0437932414692,"E"
"DEU","GGEXPDEST","SOCIETY","PC_GDP","A","1982",10.9733943796999,"E"
"DEU","GGEXPDEST","SOCIETY","PC_GDP","A","1983",10.8396738819671,"E"
"DEU","GGEXPDEST","SOCIETY","PC_GDP","A","1984",10.5236391689181,"E"
"DEU","GGEXPDEST","SOCIETY","PC_GDP","A","1985",10.4519842538616,"E"
"DEU","GGEXPDEST","SOCIETY","PC_GDP","A","1986",10.3903135624662,"E"
"DEU","GGEXPDEST","SOCIETY","PC_GDP","A","1987",10.5196266174208,"E"
"DEU","GGEXPDEST","SOCIETY","PC_GDP","A","1988",10.2388503535255,"E"
"DEU","GGEXPDEST","SOCIETY","PC_GDP","A","1989",9.97371673193982,"E"
"DEU","GGEXPDEST","SOCIETY","PC_GDP","A","1990",9.65698541672603,"E"
"DEU","GGEXPDEST","SOCIETY","PC_GDP","A","1991",8.04462590201291,
"DEU","GGEXPDEST","SOCIETY","PC_GDP","A","1992",8.09322133874431,
"DEU","GGEXPDEST","SOCIETY","PC_GDP","A","1993",8.18192216407881,
"DEU","GGEXPDEST","SOCIETY","PC_GDP","A","1994",7.96054177206891,
"DEU","GGEXPDEST","SOCIETY","PC_GDP","A","1995",7.78295626895854,
"DEU","GGEXPDEST","SOCIETY","PC_GDP","A","1996",7.79501848083392,
"DEU","GGEXPDEST","SOCIETY","PC_GDP","A","1997",7.64865867855563,
"DEU","GGEXPDEST","SOCIETY","PC_GDP","A","1998",7.52798244005886,
"DEU","GGEXPDEST","SOCIETY","PC_GDP","A","1999",7.64746619658285,
"DEU","GGEXPDEST","SOCIETY","PC_GDP","A","2000",7.3455926821893,
"DEU","GGEXPDEST","SOCIETY","PC_GDP","A","2001",7.20269743330963,
"DEU","GGEXPDEST","SOCIETY","PC_GDP","A","2002",7.32013452285576,
"DEU","GGEXPDEST","SOCIETY","PC_GDP","A","2003",7.27370184858203,
"DEU","GGEXPDEST","SOCIETY","PC_GDP","A","2004",7.15496208084136,
"DEU","GGEXPDEST","SOCIETY","PC_GDP","A","2005",6.99703589092774,
"DEU","GGEXPDEST","SOCIETY","PC_GDP","A","2006",6.79644834430168,
"DEU","GGEXPDEST","SOCIETY","PC_GDP","A","2007",6.4771628541757,
"DEU","GGEXPDEST","SOCIETY","PC_GDP","A","2008",6.61889965414133,
"DEU","GGEXPDEST","SOCIETY","PC_GDP","A","2009",7.17146015900629,
"DEU","GGEXPDEST","SOCIETY","PC_GDP","A","2010",6.9168158880026,
"DEU","GGEXPDEST","SOCIETY","PC_GDP","A","2011",6.73185060226701,
"DEU","GGEXPDEST","SOCIETY","PC_GDP","A","2012",6.87313741271671,
"DEU","GGEXPDEST","SOCIETY","PC_GDP","A","2013",6.91084267436594,
"DEU","GGEXPDEST","SOCIETY","PC_GDP","A","2014",6.79499351729911,
"DEU","GGEXPDEST","SOCIETY","PC_GDP","A","2015",6.695190989419,
"DEU","GGEXPDEST","SOCIETY","PC_GDP","A","2016",6.76506052694042,
"DEU","GGEXPDEST","SOCIETY","PC_GDP","A","2017",6.81415416160667,
"IRL","GGEXPDEST","SOCIETY","PC_GDP","A","1990",6.69657223186087,"E"
"IRL","GGEXPDEST","SOCIETY","PC_GDP","A","1991",7.1116196120594,"E"
"IRL","GGEXPDEST","SOCIETY","PC_GDP","A","1992",7.09970400479339,"E"
"IRL","GGEXPDEST","SOCIETY","PC_GDP","A","1993",6.72730953587323,"E"
"IRL","GGEXPDEST","SOCIETY","PC_GDP","A","1994",6.51852036196292,"E"
"IRL","GGEXPDEST","SOCIETY","PC_GDP","A","1995",6.60511622443935,
"IRL","GGEXPDEST","SOCIETY","PC_GDP","A","1996",6.3314883374201,
"IRL","GGEXPDEST","SOCIETY","PC_GDP","A","1997",6.10209654662389,
"IRL","GGEXPDEST","SOCIETY","PC_GDP","A","1998",5.75197152062027,
"IRL","GGEXPDEST","SOCIETY","PC_GDP","A","1999",5.3435944630373,
"IRL","GGEXPDEST","SOCIETY","PC_GDP","A","2000",5.34251709250918,
"IRL","GGEXPDEST","SOCIETY","PC_GDP","A","2001",5.44330408997241,
"IRL","GGEXPDEST","SOCIETY","PC_GDP","A","2002",5.37091296403183,
"IRL","GGEXPDEST","SOCIETY","PC_GDP","A","2003",5.36943225218619,
"IRL","GGEXPDEST","SOCIETY","PC_GDP","A","2004",5.31777119782714,
"IRL","GGEXPDEST","SOCIETY","PC_GDP","A","2005",5.02899288256896,
"IRL","GGEXPDEST","SOCIETY","PC_GDP","A","2006",5.24696747324237,
"IRL","GGEXPDEST","SOCIETY","PC_GDP","A","2007",5.54527699159911,
"IRL","GGEXPDEST","SOCIETY","PC_GDP","A","2008",6.08509188887919,
"IRL","GGEXPDEST","SOCIETY","PC_GDP","A","2009",6.58474683209781,
"IRL","GGEXPDEST","SOCIETY","PC_GDP","A","2010",5.81341576757469,
"IRL","GGEXPDEST","SOCIETY","PC_GDP","A","2011",6.19237581407146,
"IRL","GGEXPDEST","SOCIETY","PC_GDP","A","2012",5.89015701660208,
"IRL","GGEXPDEST","SOCIETY","PC_GDP","A","2013",5.50665670544121,
"IRL","GGEXPDEST","SOCIETY","PC_GDP","A","2014",5.24179311667548,
"IRL","GGEXPDEST","SOCIETY","PC_GDP","A","2015",3.98061283194907,
"IRL","GGEXPDEST","SOCIETY","PC_GDP","A","2016",3.97058879464447,
"IRL","GGEXPDEST","SOCIETY","PC_GDP","A","2017",3.92785662625429,
"BEL","GGEXPDEST","SOCIETY","PC_GDP","A","1970",7.06650832987181,"E"
"BEL","GGEXPDEST","SOCIETY","PC_GDP","A","1971",7.49775505460138,"E"
"BEL","GGEXPDEST","SOCIETY","PC_GDP","A","1972",7.5670352511974,"E"
"BEL","GGEXPDEST","SOCIETY","PC_GDP","A","1973",7.71309309777281,"E"
"BEL","GGEXPDEST","SOCIETY","PC_GDP","A","1974",7.55949680892333,"E"
"BEL","GGEXPDEST","SOCIETY","PC_GDP","A","1975",8.22650459153735,"E"
"BEL","GGEXPDEST","SOCIETY","PC_GDP","A","1976",8.13603870385577,"E"
"BEL","GGEXPDEST","SOCIETY","PC_GDP","A","1977",8.34112221533933,"E"
"BEL","GGEXPDEST","SOCIETY","PC_GDP","A","1978",8.78888698431092,"E"
"BEL","GGEXPDEST","SOCIETY","PC_GDP","A","1979",9.02088133479814,"E"
"BEL","GGEXPDEST","SOCIETY","PC_GDP","A","1980",9.00523350776868,"E"
"BEL","GGEXPDEST","SOCIETY","PC_GDP","A","1981",9.42549674828801,"E"
"BEL","GGEXPDEST","SOCIETY","PC_GDP","A","1982",9.20096428414464,"E"
"BEL","GGEXPDEST","SOCIETY","PC_GDP","A","1983",8.94763318824115,"E"
"BEL","GGEXPDEST","SOCIETY","PC_GDP","A","1984",8.83203717432295,"E"
"BEL","GGEXPDEST","SOCIETY","PC_GDP","A","1985",9.07095918402992,"E"
"BEL","GGEXPDEST","SOCIETY","PC_GDP","A","1986",9.15108401556114,"E"
"BEL","GGEXPDEST","SOCIETY","PC_GDP","A","1987",8.71834338743883,"E"
"BEL","GGEXPDEST","SOCIETY","PC_GDP","A","1988",8.00900984597446,"E"
"BEL","GGEXPDEST","SOCIETY","PC_GDP","A","1989",7.70764403800843,"E"
"BEL","GGEXPDEST","SOCIETY","PC_GDP","A","1990",7.51049768872177,"E"
"BEL","GGEXPDEST","SOCIETY","PC_GDP","A","1991",8.01350090606373,"E"
"BEL","GGEXPDEST","SOCIETY","PC_GDP","A","1992",8.04135208016779,"E"
"BEL","GGEXPDEST","SOCIETY","PC_GDP","A","1993",8.17736992265582,"E"
"BEL","GGEXPDEST","SOCIETY","PC_GDP","A","1994",8.32996716675199,"E"
"BEL","GGEXPDEST","SOCIETY","PC_GDP","A","1995",8.58291299609954,
"BEL","GGEXPDEST","SOCIETY","PC_GDP","A","1996",8.49328339409028,
"BEL","GGEXPDEST","SOCIETY","PC_GDP","A","1997",8.30017608633408,
"BEL","GGEXPDEST","SOCIETY","PC_GDP","A","1998",8.19626968530801,
"BEL","GGEXPDEST","SOCIETY","PC_GDP","A","1999",8.33789195253576,
"BEL","GGEXPDEST","SOCIETY","PC_GDP","A","2000",8.35684023824461,
"BEL","GGEXPDEST","SOCIETY","PC_GDP","A","2001",8.31104743472627,
"BEL","GGEXPDEST","SOCIETY","PC_GDP","A","2002",8.73098768255224,
"BEL","GGEXPDEST","SOCIETY","PC_GDP","A","2003",8.68281343704723,
"BEL","GGEXPDEST","SOCIETY","PC_GDP","A","2004",8.43354174003752,
"BEL","GGEXPDEST","SOCIETY","PC_GDP","A","2005",8.44909220728854,
"BEL","GGEXPDEST","SOCIETY","PC_GDP","A","2006",8.38009674216874,
"BEL","GGEXPDEST","SOCIETY","PC_GDP","A","2007",8.24487072560467,
"BEL","GGEXPDEST","SOCIETY","PC_GDP","A","2008",8.50720162546012,
"BEL","GGEXPDEST","SOCIETY","PC_GDP","A","2009",8.95188988164783,
"BEL","GGEXPDEST","SOCIETY","PC_GDP","A","2010",8.55810934249611,
"BEL","GGEXPDEST","SOCIETY","PC_GDP","A","2011",8.53341134135729,
"BEL","GGEXPDEST","SOCIETY","PC_GDP","A","2012",8.69777840057332,
"BEL","GGEXPDEST","SOCIETY","PC_GDP","A","2013",8.89792470710338,
"BEL","GGEXPDEST","SOCIETY","PC_GDP","A","2014",8.61674195567447,
"BEL","GGEXPDEST","SOCIETY","PC_GDP","A","2015",8.2875426070065,
"BEL","GGEXPDEST","SOCIETY","PC_GDP","A","2016",7.86959138596415,
"BEL","GGEXPDEST","SOCIETY","PC_GDP","A","2017",7.81008229337282,
"SWE","GGEXPDEST","SOCIETY","PC_GDP","A","1993",8.59257917510897,
"SWE","GGEXPDEST","SOCIETY","PC_GDP","A","1994",8.17910461450798,
"SWE","GGEXPDEST","SOCIETY","PC_GDP","A","1995",7.8084501598567,
"SWE","GGEXPDEST","SOCIETY","PC_GDP","A","1996",7.73380261642577,
"SWE","GGEXPDEST","SOCIETY","PC_GDP","A","1997",7.7054427337526,
"SWE","GGEXPDEST","SOCIETY","PC_GDP","A","1998",7.55366360888565,
"SWE","GGEXPDEST","SOCIETY","PC_GDP","A","1999",7.66984798829593,
"SWE","GGEXPDEST","SOCIETY","PC_GDP","A","2000",7.52218783897212,
"SWE","GGEXPDEST","SOCIETY","PC_GDP","A","2001",6.96157990097372,
"SWE","GGEXPDEST","SOCIETY","PC_GDP","A","2002",7.05925110783555,
"SWE","GGEXPDEST","SOCIETY","PC_GDP","A","2003",7.04107571170436,
"SWE","GGEXPDEST","SOCIETY","PC_GDP","A","2004",6.86962923088715,
"SWE","GGEXPDEST","SOCIETY","PC_GDP","A","2005",6.75504720446647,
"SWE","GGEXPDEST","SOCIETY","PC_GDP","A","2006",6.66268484108676,
"SWE","GGEXPDEST","SOCIETY","PC_GDP","A","2007",6.44715144099898,
"SWE","GGEXPDEST","SOCIETY","PC_GDP","A","2008",6.6947711343639,
"SWE","GGEXPDEST","SOCIETY","PC_GDP","A","2009",7.2587911421255,
"SWE","GGEXPDEST","SOCIETY","PC_GDP","A","2010",6.99915965765851,
"SWE","GGEXPDEST","SOCIETY","PC_GDP","A","2011",7.03674502136835,
"SWE","GGEXPDEST","SOCIETY","PC_GDP","A","2012",7.36143074250977,
"SWE","GGEXPDEST","SOCIETY","PC_GDP","A","2013",7.50933245338283,
"SWE","GGEXPDEST","SOCIETY","PC_GDP","A","2014",7.39814165676024,
"SWE","GGEXPDEST","SOCIETY","PC_GDP","A","2015",7.13885700951936,
"SWE","GGEXPDEST","SOCIETY","PC_GDP","A","2016",6.92875638904995,
"SWE","GGEXPDEST","SOCIETY","PC_GDP","A","2017",6.89489791902963,
"NOR","GGEXPDEST","SOCIETY","PC_GDP","A","1970",7.51010597618267,
"NOR","GGEXPDEST","SOCIETY","PC_GDP","A","1971",7.6610591173698,
"NOR","GGEXPDEST","SOCIETY","PC_GDP","A","1972",7.56807331106486,
"NOR","GGEXPDEST","SOCIETY","PC_GDP","A","1973",7.56495905424543,
"NOR","GGEXPDEST","SOCIETY","PC_GDP","A","1974",7.65997911942492,
"NOR","GGEXPDEST","SOCIETY","PC_GDP","A","1975",7.98782652212117,
"NOR","GGEXPDEST","SOCIETY","PC_GDP","A","1976",8.18023750885942,
"NOR","GGEXPDEST","SOCIETY","PC_GDP","A","1977",8.10977155063177,
"NOR","GGEXPDEST","SOCIETY","PC_GDP","A","1978",8.37720593059109,
"NOR","GGEXPDEST","SOCIETY","PC_GDP","A","1979",8.14258158748565,
"NOR","GGEXPDEST","SOCIETY","PC_GDP","A","1980",7.93266285240308,
"NOR","GGEXPDEST","SOCIETY","PC_GDP","A","1981",7.91095111680954,
"NOR","GGEXPDEST","SOCIETY","PC_GDP","A","1982",8.04476596797131,
"NOR","GGEXPDEST","SOCIETY","PC_GDP","A","1983",7.96607191703899,
"NOR","GGEXPDEST","SOCIETY","PC_GDP","A","1984",7.6345644302113,
"NOR","GGEXPDEST","SOCIETY","PC_GDP","A","1985",7.44449699681011,
"NOR","GGEXPDEST","SOCIETY","PC_GDP","A","1986",7.902899574335,
"NOR","GGEXPDEST","SOCIETY","PC_GDP","A","1987",8.31486513093129,
"NOR","GGEXPDEST","SOCIETY","PC_GDP","A","1988",8.1387294378422,
"NOR","GGEXPDEST","SOCIETY","PC_GDP","A","1989",8.36114501823929,
"NOR","GGEXPDEST","SOCIETY","PC_GDP","A","1990",8.5882698103646,
"NOR","GGEXPDEST","SOCIETY","PC_GDP","A","1991",8.90382957826164,
"NOR","GGEXPDEST","SOCIETY","PC_GDP","A","1992",9.39585016720105,
"NOR","GGEXPDEST","SOCIETY","PC_GDP","A","1993",9.44400280570493,
"NOR","GGEXPDEST","SOCIETY","PC_GDP","A","1994",9.30572877135848,
"NOR","GGEXPDEST","SOCIETY","PC_GDP","A","1995",9.00424036780311,
"NOR","GGEXPDEST","SOCIETY","PC_GDP","A","1996",8.60725335345994,
"NOR","GGEXPDEST","SOCIETY","PC_GDP","A","1997",8.26864238375781,
"NOR","GGEXPDEST","SOCIETY","PC_GDP","A","1998",8.62669275579612,
"NOR","GGEXPDEST","SOCIETY","PC_GDP","A","1999",8.52144384811263,
"NOR","GGEXPDEST","SOCIETY","PC_GDP","A","2000",7.56144695288636,
"NOR","GGEXPDEST","SOCIETY","PC_GDP","A","2001",7.79376000664713,
"NOR","GGEXPDEST","SOCIETY","PC_GDP","A","2002",8.212829152515,
"NOR","GGEXPDEST","SOCIETY","PC_GDP","A","2003",7.91849657912106,
"NOR","GGEXPDEST","SOCIETY","PC_GDP","A","2004",7.35176188747243,
"NOR","GGEXPDEST","SOCIETY","PC_GDP","A","2005",6.62115838470906,
"NOR","GGEXPDEST","SOCIETY","PC_GDP","A","2006",6.3247524502192,
"NOR","GGEXPDEST","SOCIETY","PC_GDP","A","2007",6.33970019897696,
"NOR","GGEXPDEST","SOCIETY","PC_GDP","A","2008",6.29762952951292,
"NOR","GGEXPDEST","SOCIETY","PC_GDP","A","2009",7.03344606239393,
"NOR","GGEXPDEST","SOCIETY","PC_GDP","A","2010",6.90902207199722,
"NOR","GGEXPDEST","SOCIETY","PC_GDP","A","2011",6.74705043896908,
"NOR","GGEXPDEST","SOCIETY","PC_GDP","A","2012",6.65986582028921,
"NOR","GGEXPDEST","SOCIETY","PC_GDP","A","2013",6.754021605716,
"NOR","GGEXPDEST","SOCIETY","PC_GDP","A","2014",7.06055458715815,
"NOR","GGEXPDEST","SOCIETY","PC_GDP","A","2015",7.55048882081359,
"NOR","GGEXPDEST","SOCIETY","PC_GDP","A","2016",7.87405235027391,
"NOR","GGEXPDEST","SOCIETY","PC_GDP","A","2017",7.88617977211866,
"CHL","GGEXPDEST","SOCIETY","PC_GDP","A","1996",5.43134579517465,"E"
"CHL","GGEXPDEST","SOCIETY","PC_GDP","A","1997",5.56657180027361,"E"
"CHL","GGEXPDEST","SOCIETY","PC_GDP","A","1998",5.71810437439892,"E"
"CHL","GGEXPDEST","SOCIETY","PC_GDP","A","1999",6.14425463442054,"E"
"CHL","GGEXPDEST","SOCIETY","PC_GDP","A","2000",6.01467718774609,"E"
"CHL","GGEXPDEST","SOCIETY","PC_GDP","A","2001",5.97874919557314,"E"
"CHL","GGEXPDEST","SOCIETY","PC_GDP","A","2002",6.06342841094661,"E"
"CHL","GGEXPDEST","SOCIETY","PC_GDP","A","2003",5.88523159761437,"E"
"CHL","GGEXPDEST","SOCIETY","PC_GDP","A","2004",5.56014451272751,"E"
"CHL","GGEXPDEST","SOCIETY","PC_GDP","A","2005",5.47272261669599,"E"
"CHL","GGEXPDEST","SOCIETY","PC_GDP","A","2006",5.06043656565571,"E"
"CHL","GGEXPDEST","SOCIETY","PC_GDP","A","2007",5.21160409069829,"E"
"CHL","GGEXPDEST","SOCIETY","PC_GDP","A","2008",5.49366498430515,"E"
"CHL","GGEXPDEST","SOCIETY","PC_GDP","A","2009",6.18168382675194,"E"
"CHL","GGEXPDEST","SOCIETY","PC_GDP","A","2010",6.06336887499602,"E"
"CHL","GGEXPDEST","SOCIETY","PC_GDP","A","2011",6.00753245453647,"E"
"CHL","GGEXPDEST","SOCIETY","PC_GDP","A","2012",5.94191980533955,"E"
"CHL","GGEXPDEST","SOCIETY","PC_GDP","A","2013",5.95925809634819,
"CHL","GGEXPDEST","SOCIETY","PC_GDP","A","2014",6.12715844105771,
"CHL","GGEXPDEST","SOCIETY","PC_GDP","A","2015",6.06709182365337,
"CHL","GGEXPDEST","SOCIETY","PC_GDP","A","2016",6.11454086747537,
"ISR","GGEXPDEST","SOCIETY","PC_GDP","A","1995",13.8840586328579,
"ISR","GGEXPDEST","SOCIETY","PC_GDP","A","1996",14.1624531432099,
"ISR","GGEXPDEST","SOCIETY","PC_GDP","A","1997",13.8075009674075,
"ISR","GGEXPDEST","SOCIETY","PC_GDP","A","1998",13.6692138273935,
"ISR","GGEXPDEST","SOCIETY","PC_GDP","A","1999",13.4234649788756,
"ISR","GGEXPDEST","SOCIETY","PC_GDP","A","2000",12.5855900610145,
"ISR","GGEXPDEST","SOCIETY","PC_GDP","A","2001",13.1562704157346,
"ISR","GGEXPDEST","SOCIETY","PC_GDP","A","2002",14.3388900460603,
"ISR","GGEXPDEST","SOCIETY","PC_GDP","A","2003",13.8721753703128,
"ISR","GGEXPDEST","SOCIETY","PC_GDP","A","2004",12.8284659212739,
"ISR","GGEXPDEST","SOCIETY","PC_GDP","A","2005",12.6697059477122,
"ISR","GGEXPDEST","SOCIETY","PC_GDP","A","2006",12.6983808027306,
"ISR","GGEXPDEST","SOCIETY","PC_GDP","A","2007",11.9200294365355,
"ISR","GGEXPDEST","SOCIETY","PC_GDP","A","2008",11.7043098356866,
"ISR","GGEXPDEST","SOCIETY","PC_GDP","A","2009",11.4154642017575,
"ISR","GGEXPDEST","SOCIETY","PC_GDP","A","2010",11.2022504793864,
"ISR","GGEXPDEST","SOCIETY","PC_GDP","A","2011",10.9089332782509,
"ISR","GGEXPDEST","SOCIETY","PC_GDP","A","2012",10.9417554223397,
"ISR","GGEXPDEST","SOCIETY","PC_GDP","A","2013",10.7867071537092,
"ISR","GGEXPDEST","SOCIETY","PC_GDP","A","2014",10.7492502736094,
"ISR","GGEXPDEST","SOCIETY","PC_GDP","A","2015",10.6244672799532,
"ISR","GGEXPDEST","SOCIETY","PC_GDP","A","2016",10.489578797828,
"EA","GGEXPDEST","SOCIETY","PC_GDP","A","2000",7.76485651167342,
"EA","GGEXPDEST","SOCIETY","PC_GDP","A","2001",7.70802983841143,
"EA","GGEXPDEST","SOCIETY","PC_GDP","A","2002",7.76694528380792,
"EA","GGEXPDEST","SOCIETY","PC_GDP","A","2003",7.83709298942385,
"EA","GGEXPDEST","SOCIETY","PC_GDP","A","2004",7.80956466643224,
"EA","GGEXPDEST","SOCIETY","PC_GDP","A","2005",7.75807140660156,
"EA","GGEXPDEST","SOCIETY","PC_GDP","A","2006",7.63535903399651,
"EA","GGEXPDEST","SOCIETY","PC_GDP","A","2007",7.46019061435216,
"EA","GGEXPDEST","SOCIETY","PC_GDP","A","2008",7.65915170963906,
"EA","GGEXPDEST","SOCIETY","PC_GDP","A","2009",8.26302595252212,
"EA","GGEXPDEST","SOCIETY","PC_GDP","A","2010",8.09794753685626,
"EA","GGEXPDEST","SOCIETY","PC_GDP","A","2011",7.93518945883411,
"EA","GGEXPDEST","SOCIETY","PC_GDP","A","2012",7.94200657115206,
"EA","GGEXPDEST","SOCIETY","PC_GDP","A","2013",7.97961671969673,
"EA","GGEXPDEST","SOCIETY","PC_GDP","A","2014",7.83486972818153,
"EA","GGEXPDEST","SOCIETY","PC_GDP","A","2015",7.63710563073392,
"EA","GGEXPDEST","SOCIETY","PC_GDP","A","2016",7.59290051765032,
"EA","GGEXPDEST","SOCIETY","PC_GDP","A","2017",7.48742060404009,
"FIN","GGEXPDEST","SOCIETY","PC_GDP","A","1970",5.69754017260429,"E"
"FIN","GGEXPDEST","SOCIETY","PC_GDP","A","1971",5.97342406748716,"E"
"FIN","GGEXPDEST","SOCIETY","PC_GDP","A","1972",6.02367359994754,"E"
"FIN","GGEXPDEST","SOCIETY","PC_GDP","A","1973",5.90661378538024,"E"
"FIN","GGEXPDEST","SOCIETY","PC_GDP","A","1974",5.99869340705345,"E"
"FIN","GGEXPDEST","SOCIETY","PC_GDP","A","1975",6.74782541618369,"E"
"FIN","GGEXPDEST","SOCIETY","PC_GDP","A","1976",6.89081173564047,"E"
"FIN","GGEXPDEST","SOCIETY","PC_GDP","A","1977",7.06584115923907,"E"
"FIN","GGEXPDEST","SOCIETY","PC_GDP","A","1978",6.81709568764825,"E"
"FIN","GGEXPDEST","SOCIETY","PC_GDP","A","1979",6.58098065332485,"E"
"FIN","GGEXPDEST","SOCIETY","PC_GDP","A","1980",6.65340537972804,
"FIN","GGEXPDEST","SOCIETY","PC_GDP","A","1981",6.90922454979787,
"FIN","GGEXPDEST","SOCIETY","PC_GDP","A","1982",6.97625551586468,
"FIN","GGEXPDEST","SOCIETY","PC_GDP","A","1983",7.15630885122411,
"FIN","GGEXPDEST","SOCIETY","PC_GDP","A","1984",6.97409248943886,
"FIN","GGEXPDEST","SOCIETY","PC_GDP","A","1985",7.0687140773784,
"FIN","GGEXPDEST","SOCIETY","PC_GDP","A","1986",6.942939113803,
"FIN","GGEXPDEST","SOCIETY","PC_GDP","A","1987",7.12314209384363,
"FIN","GGEXPDEST","SOCIETY","PC_GDP","A","1988",6.87130312426714,
"FIN","GGEXPDEST","SOCIETY","PC_GDP","A","1989",6.69506220251603,
"FIN","GGEXPDEST","SOCIETY","PC_GDP","A","1990",7.25195033512801,
"FIN","GGEXPDEST","SOCIETY","PC_GDP","A","1991",8.49796462822842,
"FIN","GGEXPDEST","SOCIETY","PC_GDP","A","1992",8.6868901145524,
"FIN","GGEXPDEST","SOCIETY","PC_GDP","A","1993",8.5972850678733,
"FIN","GGEXPDEST","SOCIETY","PC_GDP","A","1994",8.40274105411599,
"FIN","GGEXPDEST","SOCIETY","PC_GDP","A","1995",8.09793416940623,
"FIN","GGEXPDEST","SOCIETY","PC_GDP","A","1996",8.2265334117186,
"FIN","GGEXPDEST","SOCIETY","PC_GDP","A","1997",8.09929744080623,
"FIN","GGEXPDEST","SOCIETY","PC_GDP","A","1998",7.5243807213703,
"FIN","GGEXPDEST","SOCIETY","PC_GDP","A","1999",7.47303483214232,
"FIN","GGEXPDEST","SOCIETY","PC_GDP","A","2000",7.13997402044606,
"FIN","GGEXPDEST","SOCIETY","PC_GDP","A","2001",7.16990798756551,
"FIN","GGEXPDEST","SOCIETY","PC_GDP","A","2002",7.35995252513673,
"FIN","GGEXPDEST","SOCIETY","PC_GDP","A","2003",7.41378514076097,
"FIN","GGEXPDEST","SOCIETY","PC_GDP","A","2004",7.33797333366987,
"FIN","GGEXPDEST","SOCIETY","PC_GDP","A","2005",7.33391326564753,
"FIN","GGEXPDEST","SOCIETY","PC_GDP","A","2006",7.26128819215127,
"FIN","GGEXPDEST","SOCIETY","PC_GDP","A","2007",7.12869270677014,
"FIN","GGEXPDEST","SOCIETY","PC_GDP","A","2008",7.35993309621033,
"FIN","GGEXPDEST","SOCIETY","PC_GDP","A","2009",8.23680183837949,
"FIN","GGEXPDEST","SOCIETY","PC_GDP","A","2010",8.03741314804917,
"FIN","GGEXPDEST","SOCIETY","PC_GDP","A","2011",7.75236324662593,
"FIN","GGEXPDEST","SOCIETY","PC_GDP","A","2012",7.91319015180712,
"FIN","GGEXPDEST","SOCIETY","PC_GDP","A","2013",8.20063146091729,
"FIN","GGEXPDEST","SOCIETY","PC_GDP","A","2014",8.14506944917605,
"FIN","GGEXPDEST","SOCIETY","PC_GDP","A","2015",7.88391442911395,
"FIN","GGEXPDEST","SOCIETY","PC_GDP","A","2016",7.91954134680789,
"FIN","GGEXPDEST","SOCIETY","PC_GDP","A","2017",7.50883431690962,
"BRA","GGEXPDEST","SOCIETY","PC_GDP","A","2010",11.4913170796483,
"BRA","GGEXPDEST","SOCIETY","PC_GDP","A","2011",10.9602635236138,
"BRA","GGEXPDEST","SOCIETY","PC_GDP","A","2012",10.9784080618764,
"BRA","GGEXPDEST","SOCIETY","PC_GDP","A","2013",10.8105061520713,
"BRA","GGEXPDEST","SOCIETY","PC_GDP","A","2014",10.7391944526976,
"BRA","GGEXPDEST","SOCIETY","PC_GDP","A","2015",11.0254750544007,
"IDN","GGEXPDEST","SOCIETY","PC_GDP","A","2010",5.55151663652909,
"IDN","GGEXPDEST","SOCIETY","PC_GDP","A","2011",5.6729329396866,
"IDN","GGEXPDEST","SOCIETY","PC_GDP","A","2012",5.72168218510744,
"IDN","GGEXPDEST","SOCIETY","PC_GDP","A","2013",5.95142608035881,
"IDN","GGEXPDEST","SOCIETY","PC_GDP","A","2014",5.89206862540434,
"IDN","GGEXPDEST","SOCIETY","PC_GDP","A","2015",6.00151717390981,
"IDN","GGEXPDEST","SOCIETY","PC_GDP","A","2016",5.90395388154927,
"IDN","GGEXPDEST","SOCIETY","PC_GDP","A","2017",5.61707471347004,
"LVA","GGEXPDEST","SOCIETY","PC_GDP","A","1995",12.381800155908,
"LVA","GGEXPDEST","SOCIETY","PC_GDP","A","1996",11.5431026135032,
"LVA","GGEXPDEST","SOCIETY","PC_GDP","A","1997",10.9000460501093,
"LVA","GGEXPDEST","SOCIETY","PC_GDP","A","1998",12.2776369507295,
"LVA","GGEXPDEST","SOCIETY","PC_GDP","A","1999",11.684830612621,
"LVA","GGEXPDEST","SOCIETY","PC_GDP","A","2000",10.4062808472522,
"LVA","GGEXPDEST","SOCIETY","PC_GDP","A","2001",10.4265000705083,
"LVA","GGEXPDEST","SOCIETY","PC_GDP","A","2002",9.86700091103423,
"LVA","GGEXPDEST","SOCIETY","PC_GDP","A","2003",10.8426969644343,
"LVA","GGEXPDEST","SOCIETY","PC_GDP","A","2004",11.3890987671707,
"LVA","GGEXPDEST","SOCIETY","PC_GDP","A","2005",10.7863056245565,
"LVA","GGEXPDEST","SOCIETY","PC_GDP","A","2006",10.5418973555793,
"LVA","GGEXPDEST","SOCIETY","PC_GDP","A","2007",10.1637202492757,
"LVA","GGEXPDEST","SOCIETY","PC_GDP","A","2008",11.1318625112854,
"LVA","GGEXPDEST","SOCIETY","PC_GDP","A","2009",9.90001749121575,
"LVA","GGEXPDEST","SOCIETY","PC_GDP","A","2010",9.71593021494568,
"LVA","GGEXPDEST","SOCIETY","PC_GDP","A","2011",9.88829548848061,
"LVA","GGEXPDEST","SOCIETY","PC_GDP","A","2012",9.42296658540019,
"LVA","GGEXPDEST","SOCIETY","PC_GDP","A","2013",9.46018772095234,
"LVA","GGEXPDEST","SOCIETY","PC_GDP","A","2014",9.33941814187666,
"LVA","GGEXPDEST","SOCIETY","PC_GDP","A","2015",9.39506398023316,
"LVA","GGEXPDEST","SOCIETY","PC_GDP","A","2016",9.16444716293282,
"LVA","GGEXPDEST","SOCIETY","PC_GDP","A","2017",9.25004316443791,
"OAVG","GGEXPDEST","SOCIETY","PC_GDP","A","1996",7.90478724874547,"E"
"OAVG","GGEXPDEST","SOCIETY","PC_GDP","A","1997",7.80563710817476,"E"
"OAVG","GGEXPDEST","SOCIETY","PC_GDP","A","1998",7.70803441675011,"E"
"OAVG","GGEXPDEST","SOCIETY","PC_GDP","A","1999",7.75407923228635,"E"
"OAVG","GGEXPDEST","SOCIETY","PC_GDP","A","2000",7.66865684910765,"E"
"OAVG","GGEXPDEST","SOCIETY","PC_GDP","A","2001",7.82243202636151,"E"
"OAVG","GGEXPDEST","SOCIETY","PC_GDP","A","2002",8.05547453463642,"E"
"OAVG","GGEXPDEST","SOCIETY","PC_GDP","A","2003",8.18837773299432,"E"
"OAVG","GGEXPDEST","SOCIETY","PC_GDP","A","2004",8.15302443472823,"E"
"OAVG","GGEXPDEST","SOCIETY","PC_GDP","A","2005",8.10050674598113,"E"
"OAVG","GGEXPDEST","SOCIETY","PC_GDP","A","2006",8.04006297885152,"E"
"OAVG","GGEXPDEST","SOCIETY","PC_GDP","A","2007",7.99591426962894,"E"
"OAVG","GGEXPDEST","SOCIETY","PC_GDP","A","2008",8.30250189190544,"E"
"OAVG","GGEXPDEST","SOCIETY","PC_GDP","A","2009",8.85467207404259,"E"
"OAVG","GGEXPDEST","SOCIETY","PC_GDP","A","2010",8.75159117413561,"E"
"OAVG","GGEXPDEST","SOCIETY","PC_GDP","A","2011",8.51902829892781,"E"
"OAVG","GGEXPDEST","SOCIETY","PC_GDP","A","2012",8.39238468291249,"E"
"OAVG","GGEXPDEST","SOCIETY","PC_GDP","A","2013",8.17746859385858,"E"
"OAVG","GGEXPDEST","SOCIETY","PC_GDP","A","2014",7.99227398246908,"E"
"OAVG","GGEXPDEST","SOCIETY","PC_GDP","A","2015",7.82816583909112,"E"
"COL","GGEXPDEST","SOCIETY","PC_GDP","A","2000",10.6708355112669,
"COL","GGEXPDEST","SOCIETY","PC_GDP","A","2001",10.4635356938867,
"COL","GGEXPDEST","SOCIETY","PC_GDP","A","2002",9.93628807735108,
"COL","GGEXPDEST","SOCIETY","PC_GDP","A","2003",9.38258458939947,
"COL","GGEXPDEST","SOCIETY","PC_GDP","A","2004",9.33286110695927,
"COL","GGEXPDEST","SOCIETY","PC_GDP","A","2005",9.24193605286986,
"COL","GGEXPDEST","SOCIETY","PC_GDP","A","2006",8.97243538648287,
"COL","GGEXPDEST","SOCIETY","PC_GDP","A","2007",8.99292925543761,
"COL","GGEXPDEST","SOCIETY","PC_GDP","A","2008",8.91275956232933,
"COL","GGEXPDEST","SOCIETY","PC_GDP","A","2009",9.70777593050192,
"COL","GGEXPDEST","SOCIETY","PC_GDP","A","2010",9.68740595018755,
"COL","GGEXPDEST","SOCIETY","PC_GDP","A","2011",9.09590994589398,
"COL","GGEXPDEST","SOCIETY","PC_GDP","A","2012",9.37898952185957,
"COL","GGEXPDEST","SOCIETY","PC_GDP","A","2013",10.0994092867387,
"COL","GGEXPDEST","SOCIETY","PC_GDP","A","2014",10.1696683904288,
"COL","GGEXPDEST","SOCIETY","PC_GDP","A","2015",10.4234641791941,
"COL","GGEXPDEST","SOCIETY","PC_GDP","A","2016",10.30999541752,
"CRI","GGEXPDEST","SOCIETY","PC_GDP","A","1991",5.63215175977511,
"CRI","GGEXPDEST","SOCIETY","PC_GDP","A","1992",4.85713839710371,
"CRI","GGEXPDEST","SOCIETY","PC_GDP","A","1993",5.20791206234985,
"CRI","GGEXPDEST","SOCIETY","PC_GDP","A","1994",5.38318331928382,
"CRI","GGEXPDEST","SOCIETY","PC_GDP","A","1995",4.9972838444661,
"CRI","GGEXPDEST","SOCIETY","PC_GDP","A","1996",4.81563186178729,
"CRI","GGEXPDEST","SOCIETY","PC_GDP","A","1997",4.6295589434663,
"CRI","GGEXPDEST","SOCIETY","PC_GDP","A","1998",4.60626887396111,
"CRI","GGEXPDEST","SOCIETY","PC_GDP","A","1999",4.89384207665299,
"CRI","GGEXPDEST","SOCIETY","PC_GDP","A","2000",4.93972726321934,
"CRI","GGEXPDEST","SOCIETY","PC_GDP","A","2001",5.11743952804501,
"CRI","GGEXPDEST","SOCIETY","PC_GDP","A","2002",5.31474602957854,
"CRI","GGEXPDEST","SOCIETY","PC_GDP","A","2003",4.94651934296287,
"CRI","GGEXPDEST","SOCIETY","PC_GDP","A","2004",4.67789949254263,
"CRI","GGEXPDEST","SOCIETY","PC_GDP","A","2005",4.44805651168861,
"CRI","GGEXPDEST","SOCIETY","PC_GDP","A","2006",4.27225804729231,
"CRI","GGEXPDEST","SOCIETY","PC_GDP","A","2007",4.1016909496875,
"CRI","GGEXPDEST","SOCIETY","PC_GDP","A","2008",4.29977373434004,
"CRI","GGEXPDEST","SOCIETY","PC_GDP","A","2009",4.96615556649129,
"CRI","GGEXPDEST","SOCIETY","PC_GDP","A","2010",5.27450067262247,
"CRI","GGEXPDEST","SOCIETY","PC_GDP","A","2011",5.37936624541534,
"CRI","GGEXPDEST","SOCIETY","PC_GDP","A","2012",5.52876263166628,
"CRI","GGEXPDEST","SOCIETY","PC_GDP","A","2013",5.74489579609076,
"CRI","GGEXPDEST","SOCIETY","PC_GDP","A","2014",5.86970606283978,
"CRI","GGEXPDEST","SOCIETY","PC_GDP","A","2015",5.70890831265306,
"CRI","GGEXPDEST","SOCIETY","PC_GDP","A","2016",5.67496512360415,
"LTU","GGEXPDEST","SOCIETY","PC_GDP","A","1995",13.783239730994,
"LTU","GGEXPDEST","SOCIETY","PC_GDP","A","1996",13.5321597019439,
"LTU","GGEXPDEST","SOCIETY","PC_GDP","A","1997",12.6163543091818,
"LTU","GGEXPDEST","SOCIETY","PC_GDP","A","1998",13.1183000105361,
"LTU","GGEXPDEST","SOCIETY","PC_GDP","A","1999",10.0302085011234,
"LTU","GGEXPDEST","SOCIETY","PC_GDP","A","2000",11.4575677471958,
"LTU","GGEXPDEST","SOCIETY","PC_GDP","A","2001",10.4365923771039,
"LTU","GGEXPDEST","SOCIETY","PC_GDP","A","2002",9.72633546402887,
"LTU","GGEXPDEST","SOCIETY","PC_GDP","A","2003",9.26382370098211,
"LTU","GGEXPDEST","SOCIETY","PC_GDP","A","2004",9.06096101848116,
"LTU","GGEXPDEST","SOCIETY","PC_GDP","A","2005",8.39436214521812,
"LTU","GGEXPDEST","SOCIETY","PC_GDP","A","2006",8.98418833673571,
"LTU","GGEXPDEST","SOCIETY","PC_GDP","A","2007",8.04101709864428,
"LTU","GGEXPDEST","SOCIETY","PC_GDP","A","2008",8.333309103259,
"LTU","GGEXPDEST","SOCIETY","PC_GDP","A","2009",8.65303405739518,
"LTU","GGEXPDEST","SOCIETY","PC_GDP","A","2010",8.45817638807964,
"LTU","GGEXPDEST","SOCIETY","PC_GDP","A","2011",7.68619700007604,
"LTU","GGEXPDEST","SOCIETY","PC_GDP","A","2012",7.59757501637487,
"LTU","GGEXPDEST","SOCIETY","PC_GDP","A","2013",7.22837683658205,
"LTU","GGEXPDEST","SOCIETY","PC_GDP","A","2014",7.33130050870914,
"LTU","GGEXPDEST","SOCIETY","PC_GDP","A","2015",7.45536530458863,
"LTU","GGEXPDEST","SOCIETY","PC_GDP","A","2016",7.39713533352862,
"LTU","GGEXPDEST","SOCIETY","PC_GDP","A","2017",7.13669436684923,
